date,protocol_id,protocol,sector,measure,cleanliness_0_100,days_checked,gaps,isolated_spikes,isolated_drops,revisions,flagged_days
2026-10-01,1inch,1INCH,DEX Aggregator,fees,97.3,74,0,1,0,1,2026-07-21:10.64
2026-10-01,1inch,1INCH,DEX Aggregator,revenue_to_holders,100.0,74,0,0,0,0,
2026-10-01,1inch,1INCH,DEX Aggregator,revenue,97.3,74,0,1,0,1,2026-07-21:9.34
2026-10-01,1inch,1INCH,DEX Aggregator,dex_volume,100.0,90,0,0,0,0,
2026-10-01,aave,Aave,Lending,fees,100.0,90,0,0,0,0,
2026-10-01,aave,Aave,Lending,revenue_to_holders,100.0,90,0,0,0,0,
2026-10-01,aave,Aave,Lending,revenue,100.0,90,0,0,0,0,
2026-10-01,aave,Aave,Lending,value_locked,100.0,90,0,0,0,0,
2026-10-01,aave-horizon-rwa,Aave Horizon RWA,Lending,value_locked,100.0,90,0,0,0,0,
2026-10-01,aave-v2,Aave V2,Lending,fees,97.8,90,0,1,0,1,2026-09-14:38.89
2026-10-01,aave-v2,Aave V2,Lending,revenue_to_holders,100.0,90,0,0,0,0,
2026-10-01,aave-v2,Aave V2,Lending,revenue,97.8,90,0,1,0,1,2026-09-14:43.72
2026-10-01,aave-v2,Aave V2,Lending,value_locked,100.0,90,0,0,0,0,
2026-10-01,aave-v4,Aave V4,Lending,fees,98.9,90,0,0,0,1,
2026-10-01,aave-v4,Aave V4,Lending,revenue_to_holders,100.0,90,0,0,0,0,
2026-10-01,aave-v4,Aave V4,Lending,revenue,98.9,90,0,0,0,1,
2026-10-01,aave-v4,Aave V4,Lending,value_locked,100.0,90,0,0,0,0,
2026-10-01,aera-v3,Aera V3,Onchain Capital Allocator,fees,97.8,90,0,2,0,0,2026-07-08:6.54; 2026-07-14:5.55
2026-10-01,aera-v3,Aera V3,Onchain Capital Allocator,revenue,97.8,90,0,2,0,0,2026-07-08:6.55; 2026-07-14:5.54
2026-10-01,aera-v3,Aera V3,Onchain Capital Allocator,value_locked,100.0,90,0,0,0,0,
2026-10-01,aerodrome-finance,Aerodrome Finance,DEXs,fees,98.9,90,0,1,0,0,2026-09-09:27.83
2026-10-01,aerodrome-finance,Aerodrome Finance,DEXs,revenue_to_holders,98.9,90,0,1,0,0,2026-09-09:38.46
2026-10-01,aerodrome-finance,Aerodrome Finance,DEXs,revenue,98.9,90,0,1,0,0,2026-09-09:38.46
2026-10-01,aerodrome-finance,Aerodrome Finance,DEXs,dex_volume,98.9,90,0,0,0,1,
2026-10-01,aerodrome-slipstream,Aerodrome Slipstream,DEXs,fees,95.6,90,0,1,0,3,2026-09-09:32.55
2026-10-01,aerodrome-slipstream,Aerodrome Slipstream,DEXs,revenue_to_holders,95.6,90,0,1,0,3,2026-09-09:43.66
2026-10-01,aerodrome-slipstream,Aerodrome Slipstream,DEXs,revenue,95.6,90,0,1,0,3,2026-09-09:43.66
2026-10-01,aerodrome-slipstream,Aerodrome Slipstream,DEXs,value_locked,100.0,90,0,0,0,0,
2026-10-01,aerodrome-slipstream,Aerodrome Slipstream,DEXs,dex_volume,98.9,90,0,0,0,1,
2026-10-01,aerodrome-v1,Aerodrome V1,DEXs,fees,100.0,90,0,0,0,0,
2026-10-01,aerodrome-v1,Aerodrome V1,DEXs,revenue_to_holders,98.9,90,0,1,0,0,2026-08-12:6.39
2026-10-01,aerodrome-v1,Aerodrome V1,DEXs,revenue,98.9,90,0,1,0,0,2026-08-12:6.39
2026-10-01,aerodrome-v1,Aerodrome V1,DEXs,value_locked,100.0,90,0,0,0,0,
2026-10-01,aerodrome-v1,Aerodrome V1,DEXs,dex_volume,100.0,90,0,0,0,0,
2026-10-01,aevo-perps,Aevo Perps,Derivatives,value_locked,100.0,90,0,0,0,0,
2026-10-01,afx-lp,AFX LP,Derivatives,value_locked,46.1,76,41,0,0,0,
2026-10-01,algorand,Algorand,Chains,fees,93.3,90,0,1,0,5,2026-08-20:8.16
2026-10-01,algorand,Algorand,Chains,stablecoin_supply,100.0,90,0,0,0,0,
2026-10-01,algorand,Algorand,Chains,value_locked,97.8,90,0,0,0,2,
2026-10-01,anemoy-capital,Anemoy Capital,RWA tokenized treasuries,value_locked,100.0,90,0,0,0,0,
2026-10-01,apex-omni,Apex Omni,Derivatives,fees,97.8,90,2,0,0,0,
2026-10-01,apex-omni,Apex Omni,Derivatives,revenue_to_holders,97.8,90,2,0,0,0,
2026-10-01,apex-omni,Apex Omni,Derivatives,revenue,97.8,90,2,0,0,0,
2026-10-01,apex-omni,Apex Omni,Derivatives,value_locked,100.0,90,0,0,0,0,
2026-10-01,aptos,Aptos,Chains,fees,100.0,90,0,0,0,0,
2026-10-01,aptos,Aptos,Chains,stablecoin_supply,100.0,90,0,0,0,0,
2026-10-01,aptos,Aptos,Chains,value_locked,97.8,90,0,0,0,2,
2026-10-01,arbitrum,Arbitrum,Chains,fees,100.0,90,0,0,0,0,
2026-10-01,arbitrum,Arbitrum,Chains,stablecoin_supply,100.0,90,0,0,0,0,
2026-10-01,arbitrum,Arbitrum,Chains,transactions,98.9,90,1,0,0,0,
2026-10-01,arbitrum,Arbitrum,Chains,value_locked,51.1,90,0,0,0,44,
2026-10-01,arcus-perps,Arcus Perps,Derivatives,fees,100.0,57,0,0,0,0,
2026-10-01,arcus-perps,Arcus Perps,Derivatives,revenue,100.0,57,0,0,0,0,
2026-10-01,arcus-perps,Arcus Perps,Derivatives,value_locked,100.0,84,0,0,0,0,
2026-10-01,armitage-by-wintermute,Armitage by Wintermute,Risk Curators,fees,98.9,90,0,0,0,1,
2026-10-01,armitage-by-wintermute,Armitage by Wintermute,Risk Curators,revenue,98.9,90,0,0,0,1,
2026-10-01,armitage-by-wintermute,Armitage by Wintermute,Risk Curators,value_locked,100.0,90,0,0,0,0,
2026-10-01,aster-bridge,Aster Bridge,Liquidity bridges,value_locked,100.0,90,0,0,0,0,
2026-10-01,aster-usdf,Aster USDF,Basis Trading,value_locked,100.0,90,0,0,0,0,
2026-10-01,augur,Augur,Prediction Market,value_locked,100.0,90,0,0,0,0,
2026-10-01,avalanche-2,Avalanche,Chains,fees,94.4,90,0,0,0,5,
2026-10-01,avalanche-2,Avalanche,Chains,stablecoin_supply,100.0,90,0,0,0,0,
2026-10-01,avalanche-2,Avalanche,Chains,value_locked,97.8,90,0,0,0,2,
2026-10-01,avalanche-core-bridge,Avalanche Core Bridge,Canonical Bridge,value_locked,100.0,90,0,0,0,0,
2026-10-01,avalon-superearn,Avalon Superearn,Yield,value_locked,100.0,90,0,0,0,0,
2026-10-01,avant-avusd,Avant avUSD,Onchain Capital Allocator,fees,100.0,90,0,0,0,0,
2026-10-01,avant-avusd,Avant avUSD,Onchain Capital Allocator,revenue,98.9,90,0,0,0,1,
2026-10-01,avant-avusd,Avant avUSD,Onchain Capital Allocator,value_locked,100.0,90,0,0,0,0,
2026-10-01,axelar,Axelar,Messaging bridges,fees,97.8,90,0,0,0,2,
2026-10-01,axelar,Axelar,Messaging bridges,revenue_to_holders,100.0,90,0,0,0,0,
2026-10-01,axelar,Axelar,Messaging bridges,revenue,100.0,90,0,0,0,0,
2026-10-01,axelar,Axelar,Messaging bridges,value_locked,100.0,90,0,0,0,0,
2026-10-01,azuro,Azuro,Prediction Market,fees,95.6,90,3,1,0,0,2026-07-26:29.21
2026-10-01,azuro,Azuro,Prediction Market,revenue,95.6,90,3,1,0,0,2026-07-26:29.21
2026-10-01,azuro,Azuro,Prediction Market,value_locked,100.0,90,0,0,0,0,
2026-10-01,azverse-perps,AZverse Perps,Derivatives,fees,100.0,90,0,0,0,0,
2026-10-01,azverse-perps,AZverse Perps,Derivatives,revenue,100.0,90,0,0,0,0,
2026-10-01,azverse-perps,AZverse Perps,Derivatives,value_locked,100.0,63,0,0,0,0,
2026-10-01,b14g,b14g,Restaking,fees,98.9,90,0,0,0,1,
2026-10-01,b14g,b14g,Restaking,revenue,98.9,90,0,0,0,1,
2026-10-01,b14g,b14g,Restaking,value_locked,100.0,90,0,0,0,0,
2026-10-01,b2-buzz,B2 Buzz,Canonical Bridge,value_locked,100.0,90,0,0,0,0,
2026-10-01,b2b,B2B,Algo-Stables,value_locked,100.0,90,0,0,0,0,
2026-10-01,babylon-protocol,Babylon Protocol,Restaking,value_locked,100.0,90,0,0,0,0,
2026-10-01,base,Base,Chains,stablecoin_supply,100.0,90,0,0,0,0,
2026-10-01,base,Base,Chains,transactions,98.9,90,1,0,0,0,
2026-10-01,base-bridge,Base Bridge,Canonical Bridge,value_locked,100.0,90,0,0,0,0,
2026-10-01,basis-cash,Basis Cash,Algo-Stables,value_locked,100.0,90,0,0,0,0,
2026-10-01,bedrock-token,Bedrock,Anchor BTC,fees,93.3,90,0,6,0,0,2026-07-17:77.75; 2026-07-27:7.43; 2026-08-16:106.84; 2026-08-24:208.35; 2026-09-08:161.34; 2026-09-24:131.55
2026-10-01,bedrock-token,Bedrock,Anchor BTC,revenue_to_holders,100.0,90,0,0,0,0,
2026-10-01,bedrock-token,Bedrock,Anchor BTC,revenue,88.9,90,0,10,0,0,2026-07-12:12.98; 2026-07-17:78.21; 2026-07-27:59.63; 2026-07-30:31.94; 2026-08-13:10.79; 2026-08-16:37.97; 2026-08-24:121.76; 2026-09-08:110.97; 2026-09-16:153.83; 2026-09-24:125.13
2026-10-01,bedrock-unibtc,Bedrock uniBTC,Anchor BTC,fees,97.8,90,0,2,0,0,2026-08-13:512.0; 2026-08-18:10.02
2026-10-01,bedrock-unibtc,Bedrock uniBTC,Anchor BTC,revenue_to_holders,100.0,90,0,0,0,0,
2026-10-01,bedrock-unibtc,Bedrock uniBTC,Anchor BTC,revenue,97.8,90,0,2,0,0,2026-08-13:512.0; 2026-08-18:10.02
2026-10-01,bedrock-unibtc,Bedrock uniBTC,Anchor BTC,value_locked,100.0,90,0,0,0,0,
2026-10-01,beefy,Beefy,Yield Aggregator,fees,96.7,90,1,2,0,0,2026-08-07:5.97; 2026-09-04:6.21
2026-10-01,beefy,Beefy,Yield Aggregator,revenue_to_holders,96.7,90,1,2,0,0,2026-08-07:5.97; 2026-09-04:6.22
2026-10-01,beefy,Beefy,Yield Aggregator,revenue,96.7,90,1,2,0,0,2026-08-07:5.98; 2026-09-04:6.21
2026-10-01,beefy,Beefy,Yield Aggregator,value_locked,100.0,90,0,0,0,0,
2026-10-01,benqi-lending,Benqi Lending,Lending,fees,97.8,90,0,0,0,2,
2026-10-01,benqi-lending,Benqi Lending,Lending,revenue_to_holders,100.0,90,0,0,0,0,
2026-10-01,benqi-lending,Benqi Lending,Lending,revenue,97.8,90,0,0,0,2,
2026-10-01,benqi-lending,Benqi Lending,Lending,value_locked,100.0,90,0,0,0,0,
2026-10-01,benqi-staked-avax,Benqi Staked Avax,Liquid Staking,fees,93.3,90,0,5,0,1,2026-07-18:10.84; 2026-08-15:5.45; 2026-08-30:5.25; 2026-09-14:5.45; 2026-09-29:5.64
2026-10-01,benqi-staked-avax,Benqi Staked Avax,Liquid Staking,revenue_to_holders,100.0,90,0,0,0,0,
2026-10-01,benqi-staked-avax,Benqi Staked Avax,Liquid Staking,revenue,93.3,90,0,5,0,1,2026-07-18:10.84; 2026-08-15:5.45; 2026-08-30:5.25; 2026-09-14:5.45; 2026-09-29:5.64
2026-10-01,benqi-staked-avax,Benqi Staked Avax,Liquid Staking,value_locked,100.0,90,0,0,0,0,
2026-10-01,binance-bitcoin,Binance Bitcoin,Liquidity bridges,value_locked,100.0,90,0,0,0,0,
2026-10-01,binance-staked-eth,Binance staked ETH,Liquid Staking,fees,97.8,90,0,0,0,2,
2026-10-01,binance-staked-eth,Binance staked ETH,Liquid Staking,revenue,97.8,90,0,0,0,2,
2026-10-01,binance-staked-eth,Binance staked ETH,Liquid Staking,value_locked,100.0,90,0,0,0,0,
2026-10-01,binance-staked-sol,Binance Staked SOL,Liquid Staking,fees,76.7,90,0,21,0,0,2026-07-04:49.24; 2026-07-06:50.04; 2026-07-08:76.99; 2026-07-10:386.76; 2026-07-12:384.33; 2026-07-14:1641.54; 2026-07-16:1605.6; 2026-07-18:1610.63; 2026-07-20:1362.19; 2026-07-22:412.85; 2026-07-25:258.92; 2026-07-27:252.23; 2026-07-29:257.18; 2026-07-31:252.71; 2026-08-02:251.13; 2026-08-04:251.74; 2026-08-06:488.05; 2026-08-08:408.9; 2026-08-10:371.45; 2026-08-13:371.85; 2026-08-15:376.96
2026-10-01,binance-staked-sol,Binance Staked SOL,Liquid Staking,revenue,76.7,90,0,21,0,0,2026-07-04:9.06; 2026-07-06:9.59; 2026-07-08:14.12; 2026-07-10:71.5; 2026-07-12:70.35; 2026-07-14:299.8; 2026-07-16:293.95; 2026-07-18:294.76; 2026-07-20:136.22; 2026-07-22:45.16; 2026-07-25:25.92; 2026-07-27:25.26; 2026-07-29:28.73; 2026-07-31:25.27; 2026-08-02:26.64; 2026-08-04:25.18; 2026-08-06:48.81; 2026-08-08:40.89; 2026-08-10:37.14; 2026-08-13:37.2; 2026-08-15:46.34
2026-10-01,binance-staked-sol,Binance Staked SOL,Liquid Staking,value_locked,100.0,90,0,0,0,0,
2026-10-01,binancecoin,BNB,Chains,fees,100.0,90,0,0,0,0,
2026-10-01,binancecoin,BNB,Chains,stablecoin_supply,100.0,90,0,0,0,0,
2026-10-01,binancecoin,BNB,Chains,value_locked,97.8,90,0,0,0,2,
2026-10-01,bitcoin,Bitcoin,Chains,fees,100.0,90,0,0,0,0,
2026-10-01,bitcoin,Bitcoin,Chains,value_locked,98.9,90,0,0,0,1,
2026-10-01,bitcoin-cash,Bitcoin Cash,Chains,fees,98.9,90,1,0,0,0,
2026-10-01,bitcoin-cash,Bitcoin Cash,Chains,value_locked,100.0,90,0,0,0,0,
2026-10-01,bitfi-basis,BitFi Basis,Basis Trading,fees,95.6,90,0,2,0,2,2026-08-12:40.32; 2026-09-19:5.9
2026-10-01,bitfi-basis,BitFi Basis,Basis Trading,revenue,100.0,90,0,0,0,0,
2026-10-01,bitfi-basis,BitFi Basis,Basis Trading,value_locked,100.0,90,0,0,0,0,
2026-10-01,bitget-bgbtc,Bitget bgBTC,Liquidity bridges,value_locked,100.0,90,0,0,0,0,
2026-10-01,bittensor,Bittensor,Chains,stablecoin_supply,100.0,87,0,0,0,0,
2026-10-01,bittensor,Bittensor,Chains,value_locked,97.8,90,0,0,0,2,
2026-10-01,bittensor-dtao,Bittensor dTAO,DEXs,value_locked,100.0,13,0,0,0,0,
2026-10-01,bitwise-uscc,Bitwise USCC,Basis Trading,fees,93.3,90,0,6,0,0,2026-07-23:15.0; 2026-08-05:26.26; 2026-08-07:37.68; 2026-08-17:16.24; 2026-08-28:13.12; 2026-09-22:7.73
2026-10-01,bitwise-uscc,Bitwise USCC,Basis Trading,revenue,100.0,90,0,0,0,0,
2026-10-01,bitwise-uscc,Bitwise USCC,Basis Trading,value_locked,100.0,90,0,0,0,0,
2026-10-01,blackrock-buidl,BlackRock BUIDL,RWA tokenized treasuries,fees,97.8,90,2,0,0,0,
2026-10-01,blackrock-buidl,BlackRock BUIDL,RWA tokenized treasuries,revenue_to_holders,97.8,90,2,0,0,0,
2026-10-01,blackrock-buidl,BlackRock BUIDL,RWA tokenized treasuries,revenue,97.8,90,2,0,0,0,
2026-10-01,blackrock-buidl,BlackRock BUIDL,RWA tokenized treasuries,value_locked,82.2,90,16,0,0,0,
2026-10-01,blend-pools-v2,Blend Pools V2,Lending,fees,100.0,90,0,0,0,0,
2026-10-01,blend-pools-v2,Blend Pools V2,Lending,revenue_to_holders,100.0,90,0,0,0,0,
2026-10-01,blend-pools-v2,Blend Pools V2,Lending,revenue,100.0,90,0,0,0,0,
2026-10-01,blend-pools-v2,Blend Pools V2,Lending,value_locked,98.9,90,1,0,0,0,
2026-10-01,blindex,Blindex,Algo-Stables,value_locked,100.0,90,0,0,0,0,
2026-10-01,blockchain-capital,Blockchain Capital,RWA other,fees,97.8,90,2,0,0,0,
2026-10-01,blockchain-capital,Blockchain Capital,RWA other,revenue_to_holders,97.8,90,2,0,0,0,
2026-10-01,blockchain-capital,Blockchain Capital,RWA other,revenue,97.8,90,2,0,0,0,
2026-10-01,blockchain-capital,Blockchain Capital,RWA other,value_locked,81.1,90,17,0,0,0,
2026-10-01,blur,,NFT Marketplace,fees,100.0,90,0,0,0,0,
2026-10-01,blur,,NFT Marketplace,revenue,100.0,90,0,0,0,0,
2026-10-01,brickken,Brickken,RWA other,value_locked,100.0,90,0,0,0,0,
2026-10-01,buzz-farming,Buzz Farming,Farm,value_locked,100.0,90,0,0,0,0,
2026-10-01,bybit-staked-sol,Bybit Staked SOL,Liquid Staking,fees,76.7,90,0,21,0,0,2026-07-04:67.64; 2026-07-06:67.31; 2026-07-08:60.07; 2026-07-10:60.54; 2026-07-12:61.61; 2026-07-14:102.91; 2026-07-16:97.64; 2026-07-18:100.76; 2026-07-20:97.43; 2026-07-22:100.48; 2026-07-25:559.96; 2026-07-27:718.08; 2026-07-29:836.13; 2026-07-31:830.21; 2026-08-02:672.13; 2026-08-04:432.97; 2026-08-06:186.48; 2026-08-08:194.83; 2026-08-10:195.58; 2026-08-13:40.04; 2026-08-15:37.01
2026-10-01,bybit-staked-sol,Bybit Staked SOL,Liquid Staking,revenue,86.7,90,0,12,0,0,2026-07-14:5.48; 2026-07-18:6.16; 2026-07-22:8.38; 2026-07-25:28.17; 2026-07-27:36.03; 2026-07-29:45.95; 2026-07-31:45.62; 2026-08-02:34.8; 2026-08-04:21.85; 2026-08-06:9.34; 2026-08-08:9.78; 2026-08-10:11.05
2026-10-01,bybit-staked-sol,Bybit Staked SOL,Liquid Staking,value_locked,100.0,90,0,0,0,0,
2026-10-01,cap,cap,Lending,fees,98.9,90,0,0,0,1,
2026-10-01,cap,cap,Lending,revenue_to_holders,100.0,90,0,0,0,0,
2026-10-01,cap,cap,Lending,revenue,92.2,90,0,5,0,2,2026-07-05:9.22; 2026-07-13:276.47; 2026-07-28:5.31; 2026-08-03:5.58; 2026-09-07:6.55
2026-10-01,cap,cap,Lending,value_locked,100.0,90,0,0,0,0,
2026-10-01,cardano,Cardano,Chains,fees,98.9,90,1,0,0,0,
2026-10-01,cardano,Cardano,Chains,stablecoin_supply,67.8,90,0,0,0,29,
2026-10-01,cardano,Cardano,Chains,value_locked,53.3,90,0,0,0,42,
2026-10-01,ccip,CCIP,Messaging bridges,value_locked,100.0,90,0,0,0,0,
2026-10-01,celestia,Celestia,Data availability,fees,98.9,90,1,0,0,0,
2026-10-01,celestia,Celestia,Data availability,value_locked,100.0,90,0,0,0,0,
2026-10-01,centrifuge-protocol,Centrifuge Protocol,RWA private credit,fees,97.8,90,0,2,0,0,2026-07-13:5.49; 2026-09-08:6.5
2026-10-01,centrifuge-protocol,Centrifuge Protocol,RWA private credit,revenue_to_holders,100.0,90,0,0,0,0,
2026-10-01,centrifuge-protocol,Centrifuge Protocol,RWA private credit,revenue,100.0,90,0,0,0,0,
2026-10-01,centrifuge-protocol,Centrifuge Protocol,RWA private credit,value_locked,82.2,90,16,0,0,0,
2026-10-01,chainlink,Chainlink,Messaging bridges,fees,84.4,90,0,12,0,2,2026-07-09:156.31; 2026-07-16:180.04; 2026-07-23:185.89; 2026-07-30:172.44; 2026-08-06:149.21; 2026-08-13:101.18; 2026-08-20:61.86; 2026-08-27:53.99; 2026-09-03:121.53; 2026-09-10:307.11; 2026-09-17:271.11; 2026-09-24:222.85
2026-10-01,chainlink,Chainlink,Messaging bridges,revenue_to_holders,100.0,90,0,0,0,0,
2026-10-01,chainlink,Chainlink,Messaging bridges,revenue,100.0,90,0,0,0,0,
2026-10-01,cian-yield-layer,CIAN Yield Layer,Yield Aggregator,fees,100.0,90,0,0,0,0,
2026-10-01,cian-yield-layer,CIAN Yield Layer,Yield Aggregator,revenue,100.0,90,0,0,0,0,
2026-10-01,cian-yield-layer,CIAN Yield Layer,Yield Aggregator,value_locked,100.0,90,0,0,0,0,
2026-10-01,circle-bitcoin,Circle Bitcoin,Liquidity bridges,value_locked,100.0,90,0,0,0,0,
2026-10-01,circle-usyc,Circle USYC,RWA tokenized treasuries,fees,97.8,90,2,0,0,0,
2026-10-01,circle-usyc,Circle USYC,RWA tokenized treasuries,value_locked,82.2,90,16,0,0,0,
2026-10-01,clearstar,Clearstar,Risk Curators,fees,98.9,90,0,0,0,1,
2026-10-01,clearstar,Clearstar,Risk Curators,revenue,98.9,90,0,0,0,1,
2026-10-01,clearstar,Clearstar,Risk Curators,value_locked,100.0,90,0,0,0,0,
2026-10-01,coinbase-bridge,Coinbase Bridge,Liquidity bridges,fees,88.2,17,2,0,0,0,
2026-10-01,coinbase-bridge,Coinbase Bridge,Liquidity bridges,revenue,88.2,17,2,0,0,0,
2026-10-01,coinbase-bridge,Coinbase Bridge,Liquidity bridges,value_locked,100.0,90,0,0,0,0,
2026-10-01,coinbase-wrapped-staked-eth,Coinbase Wrapped Staked ETH,Liquid Staking,fees,100.0,90,0,0,0,0,
2026-10-01,coinbase-wrapped-staked-eth,Coinbase Wrapped Staked ETH,Liquid Staking,revenue,100.0,90,0,0,0,0,
2026-10-01,coinbase-wrapped-staked-eth,Coinbase Wrapped Staked ETH,Liquid Staking,value_locked,100.0,90,0,0,0,0,
2026-10-01,compound-governance-token,Compound,Lending,fees,96.7,90,0,0,0,3,
2026-10-01,compound-governance-token,Compound,Lending,revenue_to_holders,100.0,90,0,0,0,0,
2026-10-01,compound-governance-token,Compound,Lending,revenue,98.9,90,0,0,0,1,
2026-10-01,compound-v2,Compound V2,Lending,fees,100.0,90,0,0,0,0,
2026-10-01,compound-v2,Compound V2,Lending,revenue_to_holders,100.0,90,0,0,0,0,
2026-10-01,compound-v2,Compound V2,Lending,revenue,100.0,90,0,0,0,0,
2026-10-01,compound-v2,Compound V2,Lending,value_locked,100.0,90,0,0,0,0,
2026-10-01,compound-v3,Compound V3,Lending,fees,100.0,90,0,0,0,0,
2026-10-01,compound-v3,Compound V3,Lending,revenue_to_holders,100.0,90,0,0,0,0,
2026-10-01,compound-v3,Compound V3,Lending,revenue,100.0,90,0,0,0,0,
2026-10-01,compound-v3,Compound V3,Lending,value_locked,100.0,90,0,0,0,0,
2026-10-01,concrete,Concrete,Onchain Capital Allocator,fees,7.8,90,0,0,0,100,
2026-10-01,concrete,Concrete,Onchain Capital Allocator,revenue,14.4,90,0,4,0,87,2026-08-06:29.71; 2026-08-10:5.59; 2026-08-18:5.87; 2026-09-14:82.36
2026-10-01,concrete,Concrete,Onchain Capital Allocator,value_locked,100.0,90,0,0,0,0,
2026-10-01,contango-v2,Contango V2,Derivatives,fees,93.3,90,0,5,0,1,2026-07-11:73.08; 2026-07-14:43.33; 2026-07-16:184.23; 2026-07-21:9.59; 2026-07-30:19.68
2026-10-01,contango-v2,Contango V2,Derivatives,revenue_to_holders,93.3,90,0,5,0,1,2026-07-11:73.08; 2026-07-14:43.33; 2026-07-16:184.23; 2026-07-21:9.59; 2026-07-30:19.68
2026-10-01,contango-v2,Contango V2,Derivatives,revenue,93.3,90,0,5,0,1,2026-07-11:73.08; 2026-07-14:43.33; 2026-07-16:184.23; 2026-07-21:9.59; 2026-07-30:19.68
2026-10-01,contango-v2,Contango V2,Derivatives,value_locked,100.0,16,0,0,0,0,
2026-10-01,convex-finance,Convex Finance,Yield,fees,93.3,90,0,4,0,3,2026-08-19:9.25; 2026-09-02:5.08; 2026-09-16:6.16; 2026-09-30:7.93
2026-10-01,convex-finance,Convex Finance,Yield,revenue_to_holders,93.3,90,0,4,0,2,2026-08-19:21.09; 2026-09-02:20.48; 2026-09-16:31.82; 2026-09-30:46.63
2026-10-01,convex-finance,Convex Finance,Yield,revenue,93.3,90,0,4,0,2,2026-08-19:21.61; 2026-09-02:17.05; 2026-09-16:31.33; 2026-09-30:39.62
2026-10-01,convex-finance,Convex Finance,Yield,value_locked,100.0,90,0,0,0,0,
2026-10-01,cooler-loans,Cooler Loans,Lending,fees,97.8,90,0,0,0,2,
2026-10-01,cooler-loans,Cooler Loans,Lending,revenue_to_holders,100.0,90,0,0,0,0,
2026-10-01,cooler-loans,Cooler Loans,Lending,revenue,97.8,90,0,0,0,2,
2026-10-01,cooler-loans,Cooler Loans,Lending,value_locked,100.0,90,0,0,0,0,
2026-10-01,cosmos,Cosmos Hub,Chains,fees,100.0,90,0,0,0,0,
2026-10-01,cosmos,Cosmos Hub,Chains,value_locked,100.0,90,0,0,0,0,
2026-10-01,crvusd,crvUSD,CDP,fees,96.7,90,0,1,0,2,2026-09-28:11.58
2026-10-01,crvusd,crvUSD,CDP,revenue_to_holders,96.7,90,0,1,0,2,2026-09-28:11.43
2026-10-01,crvusd,crvUSD,CDP,revenue,96.7,90,0,1,0,2,2026-09-28:11.43
2026-10-01,crvusd,crvUSD,CDP,value_locked,100.0,90,0,0,0,0,
2026-10-01,crypto-com-chain,Cronos,DEXs,dex_volume,92.2,90,0,5,0,2,2026-07-05:11.51; 2026-07-08:10.46; 2026-08-02:5.67; 2026-08-20:5.43; 2026-09-25:5.45
2026-10-01,curvance,Curvance,Lending,fees,96.7,90,0,0,0,3,
2026-10-01,curvance,Curvance,Lending,revenue,96.7,90,0,0,0,3,
2026-10-01,curvance,Curvance,Lending,value_locked,100.0,90,0,0,0,0,
2026-10-01,curve-dao-token,Curve DAO,DEXs,fees,95.6,90,0,1,0,3,2026-08-13:7.41
2026-10-01,curve-dao-token,Curve DAO,DEXs,revenue_to_holders,87.8,90,0,8,0,3,2026-07-23:10.53; 2026-07-30:12.75; 2026-08-06:7.53; 2026-08-20:9.02; 2026-08-27:7.72; 2026-09-02:11.01; 2026-09-09:8.87; 2026-09-16:11.16
2026-10-01,curve-dao-token,Curve DAO,DEXs,revenue,87.8,90,0,8,0,3,2026-07-23:9.56; 2026-07-30:11.76; 2026-08-06:7.0; 2026-08-20:8.2; 2026-08-27:7.01; 2026-09-02:9.96; 2026-09-09:8.01; 2026-09-16:10.09
2026-10-01,curve-dao-token,Curve DAO,DEXs,dex_volume,95.6,90,0,0,0,4,
2026-10-01,curve-dex,Curve DEX,DEXs,fees,96.7,90,0,0,0,3,
2026-10-01,curve-dex,Curve DEX,DEXs,revenue_to_holders,90.0,90,0,7,0,3,2026-07-23:13.66; 2026-07-30:14.59; 2026-08-06:9.92; 2026-08-20:9.02; 2026-08-27:8.62; 2026-09-09:12.82; 2026-09-16:11.33
2026-10-01,curve-dex,Curve DEX,DEXs,revenue,90.0,90,0,7,0,3,2026-07-23:12.42; 2026-07-30:13.48; 2026-08-06:9.24; 2026-08-20:8.26; 2026-08-27:7.88; 2026-09-09:11.63; 2026-09-16:10.3
2026-10-01,curve-dex,Curve DEX,DEXs,value_locked,100.0,90,0,0,0,0,
2026-10-01,curve-dex,Curve DEX,DEXs,dex_volume,98.9,90,0,0,0,1,
2026-10-01,darkcrypto,DarkCrypto,Algo-Stables,value_locked,100.0,90,0,0,0,0,
2026-10-01,dash,Dash,Chains,fees,100.0,90,0,0,0,0,
2026-10-01,dash,Dash,Chains,value_locked,98.9,90,0,0,0,1,
2026-10-01,decibel,Decibel,Derivatives,fees,98.9,90,0,1,0,0,2026-08-05:7.11
2026-10-01,decibel,Decibel,Derivatives,revenue,98.9,90,0,1,0,0,2026-08-05:7.11
2026-10-01,decibel,Decibel,Derivatives,value_locked,100.0,90,0,0,0,0,
2026-10-01,defi-saver-asset-management,Defi Saver Asset Management,CDP Manager,fees,94.4,90,0,3,0,2,2026-08-07:21.52; 2026-08-09:10.91; 2026-09-21:8.04
2026-10-01,defi-saver-asset-management,Defi Saver Asset Management,CDP Manager,revenue,94.4,90,0,3,0,2,2026-08-07:21.52; 2026-08-09:10.91; 2026-09-21:8.04
2026-10-01,defi-saver-asset-management,Defi Saver Asset Management,CDP Manager,value_locked,100.0,90,0,0,0,0,
2026-10-01,derive-v2,Derive V2,Derivatives,fees,100.0,90,0,0,0,0,
2026-10-01,derive-v2,Derive V2,Derivatives,revenue_to_holders,100.0,90,0,0,0,0,
2026-10-01,derive-v2,Derive V2,Derivatives,revenue,100.0,90,0,0,0,0,
2026-10-01,derive-v2,Derive V2,Derivatives,value_locked,100.0,90,0,0,0,0,
2026-10-01,dfdv-staked-sol,DFDV Staked SOL,Liquid Staking,value_locked,100.0,90,0,0,0,0,
2026-10-01,digift,DigiFT,RWA other,fees,96.7,90,0,3,0,0,2026-08-24:60.04; 2026-09-18:58.25; 2026-09-28:7.14
2026-10-01,digift,DigiFT,RWA other,revenue,100.0,90,0,0,0,0,
2026-10-01,digift,DigiFT,RWA other,value_locked,90.0,90,9,0,0,0,
2026-10-01,dolomite,Dolomite,Lending,fees,96.7,90,0,0,0,3,
2026-10-01,dolomite,Dolomite,Lending,revenue,96.7,90,0,0,0,3,
2026-10-01,dolomite,Dolomite,Lending,value_locked,100.0,90,0,0,0,0,
2026-10-01,dopple-finance,Dopple Finance,Algo-Stables,value_locked,100.0,90,0,0,0,0,
2026-10-01,doppler-finance,Doppler Finance,CeDeFi,fees,98.9,90,0,0,0,1,
2026-10-01,doppler-finance,Doppler Finance,CeDeFi,revenue,100.0,90,0,0,0,0,
2026-10-01,doppler-finance,Doppler Finance,CeDeFi,value_locked,100.0,90,0,0,0,0,
2026-10-01,doublezero,DoubleZero,Liquid Staking,fees,78.9,90,0,19,0,0,2026-07-04:548.2; 2026-07-06:549.39; 2026-07-08:528.75; 2026-07-10:429.55; 2026-07-12:410.56; 2026-07-14:78.0; 2026-07-16:50.02; 2026-07-18:48.3; 2026-07-20:41.59; 2026-07-22:51.37; 2026-07-25:49.13; 2026-07-27:49.02; 2026-07-29:53.67; 2026-07-31:93.98; 2026-08-02:92.64; 2026-08-04:95.13; 2026-08-06:11.6; 2026-08-08:9.66; 2026-08-10:10.0
2026-10-01,doublezero,DoubleZero,Liquid Staking,revenue_to_holders,76.7,90,0,21,0,0,2026-07-04:29.91; 2026-07-06:29.55; 2026-07-08:30.94; 2026-07-10:24.69; 2026-07-12:25.55; 2026-07-14:25.52; 2026-07-16:16.11; 2026-07-18:14.24; 2026-07-25:14.46; 2026-07-27:15.33; 2026-07-29:10.88; 2026-07-31:19.68; 2026-08-02:23.78; 2026-08-04:29.45; 2026-08-06:27.35; 2026-08-12:38.0; 2026-08-15:47.23; 2026-08-17:29.83; 2026-08-19:5.67; 2026-08-21:5.01; 2026-08-30:7.2
2026-10-01,doublezero,DoubleZero,Liquid Staking,revenue,80.0,90,0,18,0,0,2026-07-04:38.77; 2026-07-06:38.09; 2026-07-08:39.61; 2026-07-10:52.92; 2026-07-12:103.3; 2026-07-14:2063.01; 2026-07-16:29.44; 2026-07-18:28.49; 2026-07-22:10.74; 2026-07-25:33.57; 2026-07-27:33.76; 2026-07-29:27.01; 2026-07-31:43.05; 2026-08-02:46.44; 2026-08-04:49.3; 2026-08-06:41.74; 2026-08-15:11.13; 2026-09-05:10.4
2026-10-01,drift-staked-sol,Drift Staked SOL,Liquid Staking,fees,77.8,90,0,20,0,0,2026-07-04:179359.49; 2026-07-06:72805.13; 2026-07-08:68873.85; 2026-07-10:6341.59; 2026-07-12:6122.16; 2026-07-14:6154.7; 2026-07-16:6012.74; 2026-07-18:6020.53; 2026-07-20:6059.76; 2026-07-22:6096.98; 2026-07-25:34710.19; 2026-07-27:34105.79; 2026-07-29:68242.86; 2026-08-02:37510.49; 2026-08-04:25500.21; 2026-08-06:24804.54; 2026-08-08:25924.54; 2026-08-10:25910.1; 2026-08-13:25926.6; 2026-08-15:823.74
2026-10-01,drift-staked-sol,Drift Staked SOL,Liquid Staking,revenue_to_holders,100.0,90,0,0,0,0,
2026-10-01,drift-staked-sol,Drift Staked SOL,Liquid Staking,revenue,77.8,90,0,20,0,0,2026-07-04:4541.77; 2026-07-06:1817.44; 2026-07-08:1713.85; 2026-07-10:156.24; 2026-07-12:150.51; 2026-07-14:152.04; 2026-07-16:146.47; 2026-07-18:148.4; 2026-07-20:151.51; 2026-07-22:170.58; 2026-07-25:868.87; 2026-07-27:853.44; 2026-07-29:1707.69; 2026-08-02:940.12; 2026-08-04:640.0; 2026-08-06:621.44; 2026-08-08:648.25; 2026-08-10:647.84; 2026-08-13:648.25; 2026-08-15:20.63
2026-10-01,drift-staked-sol,Drift Staked SOL,Liquid Staking,value_locked,100.0,90,0,0,0,0,
2026-10-01,dydx-chain,,Derivatives,fees,100.0,90,0,0,0,0,
2026-10-01,dydx-chain,,Derivatives,revenue_to_holders,100.0,90,0,0,0,0,
2026-10-01,dydx-chain,,Derivatives,revenue,100.0,90,0,0,0,0,
2026-10-01,dydx-v3,dYdX V3,Derivatives,value_locked,100.0,90,0,0,0,0,
2026-10-01,dydx-v4,dYdX V4,Derivatives,fees,100.0,90,0,0,0,0,
2026-10-01,dydx-v4,dYdX V4,Derivatives,revenue_to_holders,100.0,90,0,0,0,0,
2026-10-01,dydx-v4,dYdX V4,Derivatives,revenue,100.0,90,0,0,0,0,
2026-10-01,dydx-v4,dYdX V4,Derivatives,value_locked,100.0,90,0,0,0,0,
2026-10-01,edgex,edgeX,Liquidity bridges,fees,97.8,90,0,1,0,1,2026-07-09:7.32
2026-10-01,edgex,edgeX,Liquidity bridges,revenue_to_holders,98.9,90,0,0,0,1,
2026-10-01,edgex,edgeX,Liquidity bridges,revenue,97.8,90,0,1,0,1,2026-07-09:7.53
2026-10-01,edgex,edgeX,Liquidity bridges,dex_volume,100.0,90,0,0,0,0,
2026-10-01,eigencloud,EigenCloud,Restaking,fees,93.3,90,0,5,0,1,2026-07-14:7.48; 2026-08-03:21.17; 2026-08-05:14.33; 2026-09-08:6.89; 2026-09-11:18.08
2026-10-01,eigencloud,EigenCloud,Restaking,revenue_to_holders,100.0,90,0,0,0,0,
2026-10-01,eigencloud,EigenCloud,Restaking,revenue,100.0,90,0,0,0,0,
2026-10-01,eigencloud,EigenCloud,Restaking,value_locked,100.0,90,0,0,0,0,
2026-10-01,eigenlayer,EigenCloud (prev. EigenLayer),Restaking,fees,93.3,90,0,5,0,1,2026-07-14:7.48; 2026-08-03:21.17; 2026-08-05:14.33; 2026-09-08:6.89; 2026-09-11:18.08
2026-10-01,eigenlayer,EigenCloud (prev. EigenLayer),Restaking,revenue_to_holders,100.0,90,0,0,0,0,
2026-10-01,eigenlayer,EigenCloud (prev. EigenLayer),Restaking,revenue,100.0,90,0,0,0,0,
2026-10-01,eigenlayer,EigenCloud (prev. EigenLayer),Restaking,value_locked,100.0,90,0,0,0,0,
2026-10-01,ember-protocol,Ember Protocol,Onchain Capital Allocator,fees,97.8,90,2,0,0,0,
2026-10-01,ember-protocol,Ember Protocol,Onchain Capital Allocator,revenue,97.8,90,2,0,0,0,
2026-10-01,ember-protocol,Ember Protocol,Onchain Capital Allocator,value_locked,100.0,90,0,0,0,0,
2026-10-01,ethena,Ethena,Basis Trading,fees,86.7,90,0,10,0,2,2026-07-14:8.56; 2026-07-20:1271.0; 2026-08-11:183.04; 2026-08-13:60146.1; 2026-08-18:628.27; 2026-08-23:17.68; 2026-08-27:36395.84; 2026-09-15:8.89; 2026-09-21:86.96; 2026-09-24:10745.86
2026-10-01,ethena,Ethena,Basis Trading,revenue,94.4,90,0,3,0,2,2026-07-14:8.56; 2026-08-13:96.43; 2026-08-23:21.24
2026-10-01,ethena-usde,Ethena USDe,Basis Trading,fees,87.8,90,0,10,0,2,2026-07-14:8.56; 2026-07-20:1271.0; 2026-08-11:183.04; 2026-08-13:60146.1; 2026-08-18:628.27; 2026-08-23:17.68; 2026-08-27:36395.84; 2026-09-15:8.89; 2026-09-21:86.96; 2026-09-24:10745.86
2026-10-01,ethena-usde,Ethena USDe,Basis Trading,revenue,94.4,90,0,3,0,2,2026-07-14:8.56; 2026-08-13:96.43; 2026-08-23:21.24
2026-10-01,ethena-usde,Ethena USDe,Basis Trading,value_locked,100.0,90,0,0,0,0,
2026-10-01,ethena-usdtb,Ethena USDtb,RWA tokenized treasuries,value_locked,100.0,90,0,0,0,0,
2026-10-01,ether.fi-liquid,ether.fi Liquid,Onchain Capital Allocator,fees,100.0,90,0,0,0,0,
2026-10-01,ether.fi-liquid,ether.fi Liquid,Onchain Capital Allocator,revenue_to_holders,100.0,90,0,0,0,0,
2026-10-01,ether.fi-liquid,ether.fi Liquid,Onchain Capital Allocator,revenue,100.0,90,0,0,0,0,
2026-10-01,ether.fi-liquid,ether.fi Liquid,Onchain Capital Allocator,value_locked,100.0,90,0,0,0,0,
2026-10-01,ether.fi-stake,ether.fi Stake,Liquid Staking,fees,97.8,90,2,0,0,0,
2026-10-01,ether.fi-stake,ether.fi Stake,Liquid Staking,revenue_to_holders,97.8,90,2,0,0,0,
2026-10-01,ether.fi-stake,ether.fi Stake,Liquid Staking,revenue,97.8,90,2,0,0,0,
2026-10-01,ether.fi-stake,ether.fi Stake,Liquid Staking,value_locked,100.0,90,0,0,0,0,
2026-10-01,ethereum,Ethereum,Chains,fees,94.4,90,0,0,0,5,
2026-10-01,ethereum,Ethereum,Chains,stablecoin_supply,100.0,90,0,0,0,0,
2026-10-01,ethereum,Ethereum,Chains,value_locked,98.9,90,0,0,0,1,
2026-10-01,ethereum-classic,Ethereum Classic,Chains,fees,100.0,90,0,0,0,0,
2026-10-01,ethereum-classic,Ethereum Classic,Chains,stablecoin_supply,97.8,90,2,0,0,0,
2026-10-01,ethereum-classic,Ethereum Classic,Chains,value_locked,93.3,90,0,0,0,6,
2026-10-01,etherfi-borrowing-market,EtherFi Borrowing Market,Lending,fees,98.9,90,1,0,0,0,
2026-10-01,etherfi-borrowing-market,EtherFi Borrowing Market,Lending,revenue_to_holders,98.9,90,1,0,0,0,
2026-10-01,etherfi-borrowing-market,EtherFi Borrowing Market,Lending,revenue,98.9,90,1,0,0,0,
2026-10-01,etherfi-borrowing-market,EtherFi Borrowing Market,Lending,value_locked,100.0,90,0,0,0,0,
2026-10-01,etherfi-cash-liquid,EtherFi Cash Liquid,Crypto Card Issuer,fees,97.8,90,0,0,0,2,
2026-10-01,etherfi-cash-liquid,EtherFi Cash Liquid,Crypto Card Issuer,revenue_to_holders,100.0,90,0,0,0,0,
2026-10-01,etherfi-cash-liquid,EtherFi Cash Liquid,Crypto Card Issuer,revenue,97.8,90,0,0,0,2,
2026-10-01,etherfi-cash-liquid,EtherFi Cash Liquid,Crypto Card Issuer,value_locked,100.0,90,0,0,0,0,
2026-10-01,euler-v2,Euler V2,Lending,fees,87.8,90,11,0,0,0,
2026-10-01,euler-v2,Euler V2,Lending,revenue_to_holders,87.8,90,11,0,0,0,
2026-10-01,euler-v2,Euler V2,Lending,revenue,87.8,90,11,0,0,0,
2026-10-01,euler-v2,Euler V2,Lending,value_locked,100.0,90,0,0,0,0,
2026-10-01,exponent-yield-exchange,Exponent Yield Exchange,Yield,fees,92.2,90,0,6,0,1,2026-07-13:11.24; 2026-07-23:12.35; 2026-08-07:5.89; 2026-08-12:50.91; 2026-09-17:442.87; 2026-09-22:9.69
2026-10-01,exponent-yield-exchange,Exponent Yield Exchange,Yield,revenue,92.2,90,0,6,0,1,2026-07-13:10.85; 2026-07-23:11.92; 2026-08-07:5.78; 2026-08-12:72.78; 2026-09-17:490.22; 2026-09-22:8.03
2026-10-01,exponent-yield-exchange,Exponent Yield Exchange,Yield,value_locked,100.0,90,0,0,0,0,
2026-10-01,exsat-staking-btc,exSat Staking BTC,Liquidity bridges,value_locked,100.0,90,0,0,0,0,
2026-10-01,extended-perps,Extended Perps,Derivatives,fees,97.8,90,2,0,0,0,
2026-10-01,extended-perps,Extended Perps,Derivatives,value_locked,100.0,90,0,0,0,0,
2026-10-01,falcon-finance,Falcon USD,Basis Trading,fees,95.6,90,1,0,0,3,
2026-10-01,falcon-finance,Falcon USD,Basis Trading,revenue_to_holders,98.9,90,1,0,0,0,
2026-10-01,falcon-finance,Falcon USD,Basis Trading,revenue,98.9,90,1,0,0,0,
2026-10-01,falcon-finance,Falcon USD,Basis Trading,value_locked,100.0,90,0,0,0,0,
2026-10-01,falcon-finance-ff,Falcon Finance,Basis Trading,fees,95.6,90,1,0,0,3,
2026-10-01,falcon-finance-ff,Falcon Finance,Basis Trading,revenue_to_holders,98.9,90,1,0,0,0,
2026-10-01,falcon-finance-ff,Falcon Finance,Basis Trading,revenue,98.9,90,1,0,0,0,
2026-10-01,falcon-finance-ff,Falcon Finance,Basis Trading,value_locked,100.0,90,0,0,0,0,
2026-10-01,fassets,FAssets,Liquidity bridges,value_locked,100.0,90,0,0,0,0,
2026-10-01,figure-markets-democratized-prime,Figure Markets Democratized Prime,Lending,value_locked,72.2,90,0,0,0,25,
2026-10-01,figure-markets-exchange,Figure Markets Exchange,OTC Marketplace,fees,97.8,90,0,0,0,2,
2026-10-01,figure-markets-exchange,Figure Markets Exchange,OTC Marketplace,revenue,97.8,90,0,0,0,2,
2026-10-01,figure-markets-exchange,Figure Markets Exchange,OTC Marketplace,value_locked,96.7,90,0,0,3,0,2026-07-20:0.3; 2026-08-30:0.49; 2026-09-07:0.46
2026-10-01,filecoin,Filecoin,Chains,fees,97.8,90,1,1,0,0,2026-07-08:26.08
2026-10-01,filecoin,Filecoin,Chains,stablecoin_supply,100.0,90,0,0,0,0,
2026-10-01,filecoin,Filecoin,Chains,value_locked,97.8,90,0,0,0,2,
2026-10-01,finext-finance,Finext Finance,Algo-Stables,value_locked,100.0,90,0,0,0,0,
2026-10-01,fluid-dex,Fluid DEX,DEXs,fees,97.8,90,0,0,0,2,
2026-10-01,fluid-dex,Fluid DEX,DEXs,revenue_to_holders,100.0,90,0,0,0,0,
2026-10-01,fluid-dex,Fluid DEX,DEXs,revenue,96.7,90,0,0,0,3,
2026-10-01,fluid-dex,Fluid DEX,DEXs,value_locked,100.0,90,0,0,0,0,
2026-10-01,fluid-dex,Fluid DEX,DEXs,dex_volume,100.0,90,0,0,0,0,
2026-10-01,fluid-lending,Fluid Lending,Lending,fees,97.8,90,2,0,0,0,
2026-10-01,fluid-lending,Fluid Lending,Lending,revenue_to_holders,97.8,90,2,0,0,0,
2026-10-01,fluid-lending,Fluid Lending,Lending,revenue,97.8,90,2,0,0,0,
2026-10-01,fluid-lending,Fluid Lending,Lending,value_locked,100.0,90,0,0,0,0,
2026-10-01,fluid-lite,Fluid Lite,Yield Aggregator,fees,100.0,90,0,0,0,0,
2026-10-01,fluid-lite,Fluid Lite,Yield Aggregator,revenue,100.0,90,0,0,0,0,
2026-10-01,fluid-lite,Fluid Lite,Yield Aggregator,value_locked,100.0,90,0,0,0,0,
2026-10-01,forward-industries-sol,Forward Industries SOL,Liquid Staking,fees,86.7,90,1,11,0,0,2026-07-22:3653600.0; 2026-07-25:1136514.29; 2026-07-27:1499200.0; 2026-07-29:1004142.86; 2026-07-31:996000.0; 2026-08-02:1071028.57; 2026-08-04:1089914.29; 2026-08-06:390526.32; 2026-08-08:517026.67; 2026-08-10:516840.0; 2026-08-15:512346.67
2026-10-01,forward-industries-sol,Forward Industries SOL,Liquid Staking,revenue,77.8,90,1,19,0,0,2026-07-10:31.68; 2026-07-12:17.02; 2026-07-14:37.86; 2026-07-16:20.93; 2026-07-18:20.67; 2026-07-22:263.96; 2026-07-25:38.91; 2026-07-27:613.78; 2026-07-29:17.94; 2026-07-31:39.75; 2026-08-06:49650.0; 2026-08-17:13733.33; 2026-08-19:72.04; 2026-08-21:77.4; 2026-08-28:76.53; 2026-08-30:69.98; 2026-09-02:189600.0; 2026-09-05:61.07; 2026-09-10:23.3
2026-10-01,forward-industries-sol,Forward Industries SOL,Liquid Staking,value_locked,100.0,2,0,0,0,0,
2026-10-01,frax,Legacy Frax Dollar,Algo-Stables,fees,94.4,90,0,4,0,1,2026-07-06:7.96; 2026-08-18:67.92; 2026-08-25:8.71; 2026-09-12:12.09
2026-10-01,frax,Legacy Frax Dollar,Algo-Stables,revenue_to_holders,100.0,90,0,0,0,0,
2026-10-01,frax,Legacy Frax Dollar,Algo-Stables,revenue,97.8,90,0,1,0,1,2026-07-06:8.05
2026-10-01,frax,Legacy Frax Dollar,Algo-Stables,value_locked,100.0,90,0,0,0,0,
2026-10-01,frax-ether,Frax Ether,Liquid Staking,fees,100.0,90,0,0,0,0,
2026-10-01,frax-ether,Frax Ether,Liquid Staking,revenue_to_holders,100.0,90,0,0,0,0,
2026-10-01,frax-ether,Frax Ether,Liquid Staking,revenue,100.0,90,0,0,0,0,
2026-10-01,frax-ether,Frax Ether,Liquid Staking,value_locked,100.0,90,0,0,0,0,
2026-10-01,frax-fpi,Frax FPI,Algo-Stables,fees,98.9,90,1,0,0,0,
2026-10-01,frax-fpi,Frax FPI,Algo-Stables,revenue,98.9,90,1,0,0,0,
2026-10-01,frax-fpi,Frax FPI,Algo-Stables,value_locked,100.0,90,0,0,0,0,
2026-10-01,frax-usd,Frax USD,RWA tokenized treasuries,fees,98.9,90,1,0,0,0,
2026-10-01,frax-usd,Frax USD,RWA tokenized treasuries,revenue,98.9,90,1,0,0,0,
2026-10-01,frax-usd,Frax USD,RWA tokenized treasuries,value_locked,100.0,90,0,0,0,0,
2026-10-01,fulcrom-perps,Fulcrom Perps,Derivatives,fees,90.0,90,9,0,0,0,
2026-10-01,fulcrom-perps,Fulcrom Perps,Derivatives,revenue_to_holders,90.0,90,9,0,0,0,
2026-10-01,fulcrom-perps,Fulcrom Perps,Derivatives,revenue,90.0,90,9,0,0,0,
2026-10-01,fulcrom-perps,Fulcrom Perps,Derivatives,value_locked,100.0,90,0,0,0,0,
2026-10-01,function-fbtc,Function FBTC,Liquidity bridges,value_locked,100.0,90,0,0,0,0,
2026-10-01,fx-protocol,fx Protocol,Dual-Token Stablecoin,fees,90.0,90,1,8,0,0,2026-07-22:8.53; 2026-07-28:61.88; 2026-07-31:36.75; 2026-08-12:14.71; 2026-08-14:13.44; 2026-08-19:11.72; 2026-09-21:7.26; 2026-09-23:21.5
2026-10-01,fx-protocol,fx Protocol,Dual-Token Stablecoin,revenue,98.9,90,1,0,0,0,
2026-10-01,fx-protocol,fx Protocol,Dual-Token Stablecoin,value_locked,100.0,90,0,0,0,0,
2026-10-01,gains-network,Gains Network,Derivatives,fees,97.8,90,1,1,0,0,2026-09-28:5.88
2026-10-01,gains-network,Gains Network,Derivatives,revenue_to_holders,97.8,90,1,1,0,0,2026-09-28:5.17
2026-10-01,gains-network,Gains Network,Derivatives,revenue,97.8,90,1,1,0,0,2026-09-28:6.7
2026-10-01,gains-network,Gains Network,Derivatives,value_locked,100.0,90,0,0,0,0,
2026-10-01,gauntlet,Gauntlet,Risk Curators,fees,98.9,90,1,0,0,0,
2026-10-01,gauntlet,Gauntlet,Risk Curators,revenue,98.9,90,1,0,0,0,
2026-10-01,gauntlet,Gauntlet,Risk Curators,value_locked,100.0,90,0,0,0,0,
2026-10-01,generic.money,Generic.Money,Algo-Stables,value_locked,100.0,90,0,0,0,0,
2026-10-01,gmtrade,,cerchio 2,fees,97.8,90,1,0,0,1,
2026-10-01,gmtrade,,cerchio 2,revenue_to_holders,98.9,90,1,0,0,0,
2026-10-01,gmtrade,,cerchio 2,revenue,97.8,90,1,0,0,1,
2026-10-01,gmtrade,,cerchio 2,value_locked,100.0,90,0,0,0,0,
2026-10-01,gmx,,Derivatives,fees,100.0,90,0,0,0,0,
2026-10-01,gmx,,Derivatives,revenue_to_holders,100.0,90,0,0,0,0,
2026-10-01,gmx,,Derivatives,revenue,100.0,90,0,0,0,0,
2026-10-01,gmx,,Derivatives,dex_volume,97.8,90,0,2,0,0,2026-07-19:20.69; 2026-08-19:10.84
2026-10-01,gmx-solana,GMX Solana,Derivatives,fees,97.8,90,1,0,0,1,
2026-10-01,gmx-solana,GMX Solana,Derivatives,revenue_to_holders,98.9,90,1,0,0,0,
2026-10-01,gmx-solana,GMX Solana,Derivatives,revenue,97.8,90,1,0,0,1,
2026-10-01,gmx-solana,GMX Solana,Derivatives,value_locked,100.0,90,0,0,0,0,
2026-10-01,gmx-v2-perps,GMX V2 Perps,Derivatives,fees,98.9,90,0,0,0,1,
2026-10-01,gmx-v2-perps,GMX V2 Perps,Derivatives,revenue_to_holders,98.9,90,0,0,0,1,
2026-10-01,gmx-v2-perps,GMX V2 Perps,Derivatives,revenue,98.9,90,0,0,0,1,
2026-10-01,gmx-v2-perps,GMX V2 Perps,Derivatives,value_locked,100.0,90,0,0,0,0,
2026-10-01,gnosis-protocol-v1,Gnosis Protocol v1,Prediction Market,value_locked,100.0,90,0,0,0,0,
2026-10-01,grove-finance,Grove Finance,Onchain Capital Allocator,fees,96.7,90,1,2,0,0,2026-09-08:5.18; 2026-09-28:7.34
2026-10-01,grove-finance,Grove Finance,Onchain Capital Allocator,revenue,98.9,90,1,0,0,0,
2026-10-01,grove-finance,Grove Finance,Onchain Capital Allocator,value_locked,100.0,90,0,0,0,0,
2026-10-01,gtbtc,GTBTC,Restaked BTC,fees,100.0,90,0,0,0,0,
2026-10-01,gtbtc,GTBTC,Restaked BTC,revenue,100.0,90,0,0,0,0,
2026-10-01,gtbtc,GTBTC,Restaked BTC,value_locked,100.0,90,0,0,0,0,
2026-10-01,hastra,Hastra,RWA other,fees,98.9,90,0,0,0,1,
2026-10-01,hastra,Hastra,RWA other,revenue,100.0,90,0,0,0,0,
2026-10-01,hastra,Hastra,RWA other,value_locked,82.2,90,16,0,0,0,
2026-10-01,havven,Synthetix,Derivatives,fees,100.0,90,0,0,0,0,
2026-10-01,havven,Synthetix,Derivatives,revenue_to_holders,100.0,90,0,0,0,0,
2026-10-01,havven,Synthetix,Derivatives,revenue,100.0,90,0,0,0,0,
2026-10-01,hedera-hashgraph,Hedera,Chains,fees,81.1,90,16,0,0,1,
2026-10-01,hedera-hashgraph,Hedera,Chains,stablecoin_supply,100.0,90,0,0,0,0,
2026-10-01,hedera-hashgraph,Hedera,Chains,value_locked,94.4,90,0,0,0,5,
2026-10-01,helius-staked-sol,Helius Staked SOL,Liquid Staking,fees,81.1,90,1,16,0,0,2026-07-14:36958.56; 2026-07-16:22411.17; 2026-07-18:22432.4; 2026-07-20:2385.62; 2026-07-22:2447.34; 2026-07-25:2305.02; 2026-07-27:2282.31; 2026-07-29:2273.06; 2026-07-31:2087.9; 2026-08-02:2066.56; 2026-08-04:4841.68; 2026-08-06:4753.14; 2026-08-08:4980.02; 2026-08-10:4975.83; 2026-08-13:4996.05; 2026-08-15:564.62
2026-10-01,helius-staked-sol,Helius Staked SOL,Liquid Staking,revenue,78.9,90,1,18,0,0,2026-07-04:35.71; 2026-07-06:59.12; 2026-07-08:13.84; 2026-07-10:15.03; 2026-07-12:14.47; 2026-07-18:44.08; 2026-07-29:35.36; 2026-07-31:10.56; 2026-08-06:118.87; 2026-08-10:12.08; 2026-08-13:155.36; 2026-08-15:63.91; 2026-08-17:9.41; 2026-08-28:13.35; 2026-08-30:22.38; 2026-09-02:26.44; 2026-09-05:32.55; 2026-09-10:27.33
2026-10-01,helius-staked-sol,Helius Staked SOL,Liquid Staking,value_locked,100.0,90,0,0,0,0,
2026-10-01,huma,Huma,RWA other,fees,98.9,90,1,0,0,0,
2026-10-01,huma,Huma,RWA other,revenue,98.9,90,1,0,0,0,
2026-10-01,huma,Huma,RWA other,value_locked,100.0,90,0,0,0,0,
2026-10-01,huma-finance-v2,Huma Finance V2,cerchio 2,fees,98.9,90,1,0,0,0,
2026-10-01,huma-finance-v2,Huma Finance V2,cerchio 2,revenue,98.9,90,1,0,0,0,
2026-10-01,huma-finance-v2,Huma Finance V2,cerchio 2,value_locked,100.0,90,0,0,0,0,
2026-10-01,hyperithm,Hyperithm,Risk Curators,fees,98.9,90,0,0,0,1,
2026-10-01,hyperithm,Hyperithm,Risk Curators,revenue,98.9,90,0,0,0,1,
2026-10-01,hyperithm,Hyperithm,Risk Curators,value_locked,100.0,90,0,0,0,0,
2026-10-01,hyperlend-pooled,HyperLend Pooled,Lending,fees,100.0,90,0,0,0,0,
2026-10-01,hyperlend-pooled,HyperLend Pooled,Lending,revenue_to_holders,100.0,90,0,0,0,0,
2026-10-01,hyperlend-pooled,HyperLend Pooled,Lending,revenue,98.9,90,0,0,0,1,
2026-10-01,hyperlend-pooled,HyperLend Pooled,Lending,value_locked,100.0,90,0,0,0,0,
2026-10-01,hyperliquid,Hyperliquid,Liquidity bridges,fees,98.9,90,0,0,0,1,
2026-10-01,hyperliquid,Hyperliquid,Liquidity bridges,revenue_to_holders,100.0,90,0,0,0,0,
2026-10-01,hyperliquid,Hyperliquid,Liquidity bridges,revenue,98.9,90,0,0,0,1,
2026-10-01,hyperliquid,Hyperliquid,Liquidity bridges,dex_volume,100.0,90,0,0,0,0,
2026-10-01,hyperliquid-bridge,Hyperliquid Bridge,Liquidity bridges,value_locked,100.0,90,0,0,0,0,
2026-10-01,hyperliquid-hlp,Hyperliquid HLP,Vault,fees,98.9,90,1,0,0,0,
2026-10-01,hyperliquid-hlp,Hyperliquid HLP,Vault,revenue,98.9,90,1,0,0,0,
2026-10-01,hyperliquid-hlp,Hyperliquid HLP,Vault,value_locked,100.0,90,0,0,0,0,
2026-10-01,hyperliquid-spot-orderbook,Hyperliquid Spot Orderbook,DEXs,fees,98.9,90,1,0,0,0,
2026-10-01,hyperliquid-spot-orderbook,Hyperliquid Spot Orderbook,DEXs,revenue_to_holders,98.9,90,1,0,0,0,
2026-10-01,hyperliquid-spot-orderbook,Hyperliquid Spot Orderbook,DEXs,revenue,98.9,90,1,0,0,0,
2026-10-01,hyperliquid-spot-orderbook,Hyperliquid Spot Orderbook,DEXs,value_locked,100.0,90,0,0,0,0,
2026-10-01,hyperliquid-spot-orderbook,Hyperliquid Spot Orderbook,DEXs,dex_volume,100.0,90,0,0,0,0,
2026-10-01,injective-protocol,Injective,Chains,fees,100.0,90,0,0,0,0,
2026-10-01,injective-protocol,Injective,Chains,stablecoin_supply,100.0,90,0,0,0,0,
2026-10-01,injective-protocol,Injective,Chains,value_locked,96.7,90,0,0,0,3,
2026-10-01,internet-computer,Internet Computer,Chains,fees,100.0,90,0,0,0,0,
2026-10-01,internet-computer,Internet Computer,Chains,stablecoin_supply,100.0,90,0,0,0,0,
2026-10-01,internet-computer,Internet Computer,Chains,value_locked,100.0,90,0,0,0,0,
2026-10-01,invesco-ustb,Invesco USTB,RWA tokenized treasuries,fees,100.0,90,0,0,0,0,
2026-10-01,invesco-ustb,Invesco USTB,RWA tokenized treasuries,revenue,100.0,90,0,0,0,0,
2026-10-01,invesco-ustb,Invesco USTB,RWA tokenized treasuries,value_locked,100.0,90,0,0,0,0,
2026-10-01,jito-governance-token,Jito,Liquid Staking,fees,98.9,90,0,0,0,1,
2026-10-01,jito-governance-token,Jito,Liquid Staking,revenue_to_holders,100.0,90,0,0,0,0,
2026-10-01,jito-governance-token,Jito,Liquid Staking,revenue,98.9,90,0,0,0,1,
2026-10-01,jito-liquid-staking,Jito Liquid Staking,Liquid Staking,fees,98.9,90,1,0,0,0,
2026-10-01,jito-liquid-staking,Jito Liquid Staking,Liquid Staking,revenue_to_holders,98.9,90,1,0,0,0,
2026-10-01,jito-liquid-staking,Jito Liquid Staking,Liquid Staking,revenue,98.9,90,1,0,0,0,
2026-10-01,jito-liquid-staking,Jito Liquid Staking,Liquid Staking,value_locked,100.0,90,0,0,0,0,
2026-10-01,jpool,JPool,Liquid Staking,fees,82.2,90,1,15,0,0,2026-07-16:28647.71; 2026-07-18:14.59; 2026-07-20:15.26; 2026-07-22:15.21; 2026-07-25:13.09; 2026-07-27:12.31; 2026-07-29:12.43; 2026-07-31:12.13; 2026-08-02:51.78; 2026-08-04:34.63; 2026-08-06:34.5; 2026-08-08:36.37; 2026-08-10:36.34; 2026-08-13:60.32; 2026-08-15:28.01
2026-10-01,jpool,JPool,Liquid Staking,revenue,91.1,90,1,7,0,0,2026-07-04:18.85; 2026-07-06:74.21; 2026-08-06:7.13; 2026-08-11:11.3; 2026-08-13:83.67; 2026-08-15:32.65; 2026-08-28:23.58
2026-10-01,jpool,JPool,Liquid Staking,value_locked,100.0,90,0,0,0,0,
2026-10-01,jupiter-exchange-solana,Jupiter,DEX Aggregator,fees,92.2,90,0,0,0,7,
2026-10-01,jupiter-exchange-solana,Jupiter,DEX Aggregator,revenue_to_holders,92.2,90,0,0,0,7,
2026-10-01,jupiter-exchange-solana,Jupiter,DEX Aggregator,revenue,92.2,90,0,0,0,7,
2026-10-01,jupiter-exchange-solana,Jupiter,DEX Aggregator,dex_volume,90.0,90,0,0,0,9,
2026-10-01,jupiter-lend,Jupiter Lend,Lending,fees,88.9,90,1,0,0,9,
2026-10-01,jupiter-lend,Jupiter Lend,Lending,revenue_to_holders,88.9,90,1,0,0,9,
2026-10-01,jupiter-lend,Jupiter Lend,Lending,revenue,88.9,90,1,0,0,9,
2026-10-01,jupiter-lend,Jupiter Lend,Lending,value_locked,100.0,90,0,0,0,0,
2026-10-01,jupiter-perpetual-exchange,Jupiter Perpetual Exchange,Derivatives,fees,98.9,90,1,0,0,0,
2026-10-01,jupiter-perpetual-exchange,Jupiter Perpetual Exchange,Derivatives,revenue_to_holders,98.9,90,1,0,0,0,
2026-10-01,jupiter-perpetual-exchange,Jupiter Perpetual Exchange,Derivatives,revenue,98.9,90,1,0,0,0,
2026-10-01,jupiter-perpetual-exchange,Jupiter Perpetual Exchange,Derivatives,value_locked,100.0,90,0,0,0,0,
2026-10-01,jupiter-staked-sol,Jupiter Staked SOL,Liquid Staking,fees,75.6,90,1,21,0,0,2026-07-04:300.46; 2026-07-06:287.76; 2026-07-08:227.68; 2026-07-10:197.17; 2026-07-12:191.27; 2026-07-14:94.5; 2026-07-16:51.66; 2026-07-18:49.6; 2026-07-20:49.72; 2026-07-22:50.54; 2026-07-25:47.82; 2026-07-27:47.36; 2026-07-29:75.79; 2026-07-31:50.95; 2026-08-02:50.7; 2026-08-04:50.93; 2026-08-06:49.93; 2026-08-08:51.65; 2026-08-10:52.03; 2026-08-13:52.21; 2026-08-15:49.5
2026-10-01,jupiter-staked-sol,Jupiter Staked SOL,Liquid Staking,revenue_to_holders,93.3,90,1,5,0,0,2026-07-04:23.43; 2026-07-06:18.76; 2026-07-08:14.58; 2026-07-10:11.82; 2026-07-12:10.24
2026-10-01,jupiter-staked-sol,Jupiter Staked SOL,Liquid Staking,revenue,93.3,90,1,5,0,0,2026-07-04:23.46; 2026-07-06:18.76; 2026-07-08:14.55; 2026-07-10:11.8; 2026-07-12:10.22
2026-10-01,jupiter-staked-sol,Jupiter Staked SOL,Liquid Staking,value_locked,100.0,90,0,0,0,0,
2026-10-01,just,JUST,Lending,fees,98.9,90,0,0,0,1,
2026-10-01,just,JUST,Lending,revenue_to_holders,100.0,90,0,0,0,0,
2026-10-01,just,JUST,Lending,revenue,97.8,90,0,0,0,2,
2026-10-01,justcryptos,JustCryptos,Liquidity bridges,value_locked,100.0,90,0,0,0,0,
2026-10-01,justlend-strx,JustLend sTRX,Liquid Staking,value_locked,100.0,9,0,0,0,0,
2026-10-01,justlend-v1,JustLend V1,Lending,fees,100.0,90,0,0,0,0,
2026-10-01,justlend-v1,JustLend V1,Lending,revenue_to_holders,100.0,90,0,0,0,0,
2026-10-01,justlend-v1,JustLend V1,Lending,revenue,98.9,90,0,0,0,1,
2026-10-01,justlend-v1,JustLend V1,Lending,value_locked,100.0,90,0,0,0,0,
2026-10-01,k3-capital,K3 Capital,Risk Curators,fees,98.9,90,0,0,0,1,
2026-10-01,k3-capital,K3 Capital,Risk Curators,revenue,98.9,90,0,0,0,1,
2026-10-01,k3-capital,K3 Capital,Risk Curators,value_locked,100.0,90,0,0,0,0,
2026-10-01,kelp,Kelp,Liquid Restaking,fees,100.0,90,0,0,0,0,
2026-10-01,kelp,Kelp,Liquid Restaking,revenue_to_holders,100.0,90,0,0,0,0,
2026-10-01,kelp,Kelp,Liquid Restaking,revenue,98.9,90,0,1,0,0,2026-08-27:5.02
2026-10-01,kelp,Kelp,Liquid Restaking,value_locked,100.0,90,0,0,0,0,
2026-10-01,kinetiq-khype,Kinetiq kHYPE,Liquid Staking,fees,97.8,90,0,0,0,2,
2026-10-01,kinetiq-khype,Kinetiq kHYPE,Liquid Staking,revenue_to_holders,97.8,90,0,0,0,2,
2026-10-01,kinetiq-khype,Kinetiq kHYPE,Liquid Staking,revenue,97.8,90,0,0,0,2,
2026-10-01,kinetiq-khype,Kinetiq kHYPE,Liquid Staking,value_locked,100.0,90,0,0,0,0,
2026-10-01,kpk,KPK,Risk Curators,fees,98.9,90,0,0,0,1,
2026-10-01,kpk,KPK,Risk Curators,revenue_to_holders,100.0,90,0,0,0,0,
2026-10-01,kpk,KPK,Risk Curators,revenue,97.8,90,0,2,0,0,2026-07-20:12.7; 2026-08-06:560.14
2026-10-01,kpk,KPK,Risk Curators,value_locked,100.0,90,0,0,0,0,
2026-10-01,kraken-bitcoin,Kraken Bitcoin,Liquidity bridges,value_locked,100.0,90,0,0,0,0,
2026-10-01,lagoon,Lagoon,Onchain Capital Allocator,fees,100.0,90,0,0,0,0,
2026-10-01,lagoon,Lagoon,Onchain Capital Allocator,revenue,100.0,90,0,0,0,0,
2026-10-01,lagoon,Lagoon,Onchain Capital Allocator,value_locked,100.0,90,0,0,0,0,
2026-10-01,layerzero,LayerZero,Liquidity bridges,fees,94.4,90,0,0,0,5,
2026-10-01,layerzero,LayerZero,Liquidity bridges,revenue_to_holders,100.0,90,0,0,0,0,
2026-10-01,layerzero,LayerZero,Liquidity bridges,revenue,100.0,90,0,0,0,0,
2026-10-01,layerzero-v2,LayerZero V2,Liquidity bridges,fees,97.8,90,0,0,0,2,
2026-10-01,layerzero-v2,LayerZero V2,Liquidity bridges,revenue_to_holders,100.0,90,0,0,0,0,
2026-10-01,layerzero-v2,LayerZero V2,Liquidity bridges,revenue,100.0,90,0,0,0,0,
2026-10-01,layerzero-v2,LayerZero V2,Liquidity bridges,value_locked,100.0,90,0,0,0,0,
2026-10-01,levr-bet,Levr Bet,Prediction Market,value_locked,100.0,21,0,0,0,0,
2026-10-01,lido,Lido,Liquid Staking,fees,98.9,90,1,0,0,0,
2026-10-01,lido,Lido,Liquid Staking,revenue_to_holders,98.9,90,1,0,0,0,
2026-10-01,lido,Lido,Liquid Staking,revenue,98.9,90,1,0,0,0,
2026-10-01,lido,Lido,Liquid Staking,value_locked,100.0,90,0,0,0,0,
2026-10-01,lido-dao,Lido DAO,Liquid Staking,fees,98.9,90,1,0,0,0,
2026-10-01,lido-dao,Lido DAO,Liquid Staking,revenue_to_holders,98.9,90,1,0,0,0,
2026-10-01,lido-dao,Lido DAO,Liquid Staking,revenue,98.9,90,1,0,0,0,
2026-10-01,lido-dao,Lido DAO,Liquid Staking,value_locked,100.0,90,0,0,0,0,
2026-10-01,lighter,Lighter,Liquidity bridges,fees,100.0,90,0,0,0,0,
2026-10-01,lighter,Lighter,Liquidity bridges,revenue_to_holders,100.0,90,0,0,0,0,
2026-10-01,lighter,Lighter,Liquidity bridges,revenue,100.0,90,0,0,0,0,
2026-10-01,lighter,Lighter,Liquidity bridges,dex_volume,100.0,90,0,0,0,0,
2026-10-01,lighter-bridge,Lighter Bridge,Liquidity bridges,value_locked,100.0,90,0,0,0,0,
2026-10-01,lighter-robinhood-perps,Lighter Robinhood Perps,Derivatives,fees,97.3,73,1,1,0,0,2026-08-19:5.25
2026-10-01,lighter-robinhood-perps,Lighter Robinhood Perps,Derivatives,revenue_to_holders,98.6,73,1,0,0,0,
2026-10-01,lighter-robinhood-perps,Lighter Robinhood Perps,Derivatives,revenue,98.6,73,1,0,0,0,
2026-10-01,lighter-robinhood-perps,Lighter Robinhood Perps,Derivatives,value_locked,100.0,74,0,0,0,0,
2026-10-01,lightning-network,Lightning Network,Payments,value_locked,98.9,90,1,0,0,0,
2026-10-01,limitless-exchange,Limitless Exchange,Prediction Market,fees,100.0,90,0,0,0,0,
2026-10-01,limitless-exchange,Limitless Exchange,Prediction Market,revenue_to_holders,100.0,90,0,0,0,0,
2026-10-01,limitless-exchange,Limitless Exchange,Prediction Market,revenue,88.9,90,0,10,0,0,2026-08-12:5.45; 2026-08-15:18.25; 2026-08-24:5.86; 2026-08-28:11.49; 2026-09-05:5.13; 2026-09-16:6.7; 2026-09-23:5.84; 2026-09-25:7.59; 2026-09-27:6.24; 2026-09-29:15.79
2026-10-01,limitless-exchange,Limitless Exchange,Prediction Market,value_locked,100.0,90,0,0,0,0,
2026-10-01,linea,Linea,Chains,stablecoin_supply,98.9,90,0,0,1,0,2026-08-28:0.0
2026-10-01,linea,Linea,Chains,transactions,98.9,90,1,0,0,0,
2026-10-01,linea-bridge,Linea Bridge,Canonical Bridge,value_locked,100.0,90,0,0,0,0,
2026-10-01,linear-protocol,LiNEAR Protocol,Liquid Staking,value_locked,100.0,90,0,0,0,0,
2026-10-01,liquid-collective,Liquid Collective,Liquid Staking,fees,100.0,90,0,0,0,0,
2026-10-01,liquid-collective,Liquid Collective,Liquid Staking,revenue,100.0,90,0,0,0,0,
2026-10-01,liquid-collective,Liquid Collective,Liquid Staking,value_locked,100.0,90,0,0,0,0,
2026-10-01,liquidity-house,Liquidity House,Prediction Market,value_locked,100.0,90,0,0,0,0,
2026-10-01,liquity-v1,Liquity V1,CDP,fees,98.9,90,0,1,0,0,2026-09-06:39.83
2026-10-01,liquity-v1,Liquity V1,CDP,revenue_to_holders,98.9,90,0,1,0,0,2026-09-06:39.83
2026-10-01,liquity-v1,Liquity V1,CDP,revenue,98.9,90,0,1,0,0,2026-09-06:39.83
2026-10-01,liquity-v1,Liquity V1,CDP,value_locked,100.0,90,0,0,0,0,
2026-10-01,lisk-bridge,Lisk Bridge,Canonical Bridge,value_locked,100.0,90,0,0,0,0,
2026-10-01,lista-cdp,Lista CDP,CDP,fees,96.7,90,0,3,0,0,2026-07-17:11.91; 2026-08-13:7.06; 2026-09-10:16.27
2026-10-01,lista-cdp,Lista CDP,CDP,revenue_to_holders,100.0,90,0,0,0,0,
2026-10-01,lista-cdp,Lista CDP,CDP,revenue,96.7,90,0,3,0,0,2026-07-17:11.91; 2026-08-13:7.06; 2026-09-10:17.93
2026-10-01,lista-cdp,Lista CDP,CDP,value_locked,100.0,90,0,0,0,0,
2026-10-01,lista-lending,Lista Lending,Lending,fees,97.8,90,0,0,0,2,
2026-10-01,lista-lending,Lista Lending,Lending,revenue_to_holders,100.0,90,0,0,0,0,
2026-10-01,lista-lending,Lista Lending,Lending,revenue,97.8,90,0,1,0,1,2026-07-21:5.65
2026-10-01,lista-lending,Lista Lending,Lending,value_locked,100.0,90,0,0,0,0,
2026-10-01,lista-liquid-staking,Lista Liquid Staking,Liquid Staking,fees,100.0,90,0,0,0,0,
2026-10-01,lista-liquid-staking,Lista Liquid Staking,Liquid Staking,revenue_to_holders,100.0,90,0,0,0,0,
2026-10-01,lista-liquid-staking,Lista Liquid Staking,Liquid Staking,revenue,100.0,90,0,0,0,0,
2026-10-01,lista-liquid-staking,Lista Liquid Staking,Liquid Staking,value_locked,100.0,90,0,0,0,0,
2026-10-01,litecoin,Litecoin,Chains,fees,100.0,90,0,0,0,0,
2026-10-01,litecoin,Litecoin,Chains,value_locked,98.9,90,0,0,0,1,
2026-10-01,lofty,Lofty,RWA other,value_locked,100.0,90,0,0,0,0,
2026-10-01,lombard-btc.b,Lombard BTC.b,Liquidity bridges,value_locked,97.8,90,2,0,0,0,
2026-10-01,lombard-lbtc,Lombard LBTC,Restaked BTC,fees,92.2,90,4,3,0,0,2026-09-05:10.72; 2026-09-26:5.63; 2026-09-29:7.1
2026-10-01,lombard-lbtc,Lombard LBTC,Restaked BTC,revenue_to_holders,95.6,90,4,0,0,0,
2026-10-01,lombard-lbtc,Lombard LBTC,Restaked BTC,revenue,92.2,90,4,3,0,0,2026-09-05:10.72; 2026-09-26:5.63; 2026-09-29:7.11
2026-10-01,lombard-lbtc,Lombard LBTC,Restaked BTC,value_locked,100.0,90,0,0,0,0,
2026-10-01,lorenzo-enzobtc,Lorenzo enzoBTC,Liquidity bridges,value_locked,100.0,90,0,0,0,0,
2026-10-01,lumi-finance,Lumi Finance,Algo-Stables,value_locked,97.8,90,0,1,1,0,2026-07-10:0.34; 2026-09-22:121.79
2026-10-01,m0,M0,Stablecoin Issuer,fees,100.0,90,0,0,0,0,
2026-10-01,m0,M0,Stablecoin Issuer,revenue_to_holders,97.8,90,0,0,0,2,
2026-10-01,m0,M0,Stablecoin Issuer,revenue,97.8,90,0,0,0,2,
2026-10-01,m0,M0,Stablecoin Issuer,value_locked,100.0,90,0,0,0,0,
2026-10-01,mantle,Mantle,Chains,fees,98.9,90,0,1,0,0,2026-09-10:5.65
2026-10-01,mantle,Mantle,Chains,stablecoin_supply,95.6,90,0,0,0,4,
2026-10-01,mantle,Mantle,Chains,transactions,98.9,90,1,0,0,0,
2026-10-01,mantle,Mantle,Chains,value_locked,100.0,90,0,0,0,0,
2026-10-01,mantle-index-four-fund,Mantle Index Four Fund,RWA other,fees,100.0,90,0,0,0,0,
2026-10-01,mantle-index-four-fund,Mantle Index Four Fund,RWA other,revenue_to_holders,100.0,90,0,0,0,0,
2026-10-01,mantle-index-four-fund,Mantle Index Four Fund,RWA other,revenue,100.0,90,0,0,0,0,
2026-10-01,mantle-index-four-fund,Mantle Index Four Fund,RWA other,value_locked,82.2,90,16,0,0,0,
2026-10-01,maple,Maple,Lending,fees,90.0,90,1,8,0,0,2026-07-06:8.88; 2026-07-08:5.75; 2026-07-10:6.37; 2026-07-22:11.57; 2026-07-30:23.72; 2026-08-17:5.82; 2026-09-14:54.32; 2026-09-25:5.28
2026-10-01,maple,Maple,Lending,revenue_to_holders,91.1,90,1,7,0,0,2026-07-06:6.99; 2026-07-10:5.65; 2026-07-22:10.63; 2026-07-30:19.08; 2026-08-17:5.85; 2026-09-14:48.31; 2026-09-25:5.49
2026-10-01,maple,Maple,Lending,revenue,90.0,90,1,8,0,0,2026-07-06:8.11; 2026-07-08:5.78; 2026-07-10:5.65; 2026-07-22:10.63; 2026-07-30:19.07; 2026-08-17:5.85; 2026-09-14:48.29; 2026-09-25:5.49
2026-10-01,maple,Maple,Lending,value_locked,100.0,90,0,0,0,0,
2026-10-01,marinade-liquid-staking,Marinade Liquid Staking,Liquid Staking,fees,100.0,90,0,0,0,0,
2026-10-01,marinade-liquid-staking,Marinade Liquid Staking,Liquid Staking,revenue_to_holders,100.0,90,0,0,0,0,
2026-10-01,marinade-liquid-staking,Marinade Liquid Staking,Liquid Staking,revenue,100.0,90,0,0,0,0,
2026-10-01,marinade-liquid-staking,Marinade Liquid Staking,Liquid Staking,value_locked,100.0,90,0,0,0,0,
2026-10-01,marinade-native,Marinade Native,Staking Pool,fees,100.0,90,0,0,0,0,
2026-10-01,marinade-native,Marinade Native,Staking Pool,revenue_to_holders,100.0,90,0,0,0,0,
2026-10-01,marinade-native,Marinade Native,Staking Pool,revenue,100.0,90,0,0,0,0,
2026-10-01,marinade-native,Marinade Native,Staking Pool,value_locked,100.0,90,0,0,0,0,
2026-10-01,marinade-select,Marinade Select,Staking Pool,fees,98.9,90,1,0,0,0,
2026-10-01,marinade-select,Marinade Select,Staking Pool,revenue_to_holders,98.9,90,1,0,0,0,
2026-10-01,marinade-select,Marinade Select,Staking Pool,revenue,98.9,90,1,0,0,0,
2026-10-01,marinade-select,Marinade Select,Staking Pool,value_locked,100.0,90,0,0,0,0,
2026-10-01,mellow-core,Mellow Core,Onchain Capital Allocator,value_locked,100.0,90,0,0,0,0,
2026-10-01,mento-v2,Mento V2,Algo-Stables,fees,97.2,72,1,1,0,0,2026-09-14:7.98
2026-10-01,mento-v2,Mento V2,Algo-Stables,revenue_to_holders,98.6,72,1,0,0,0,
2026-10-01,mento-v2,Mento V2,Algo-Stables,revenue,97.2,72,1,1,0,0,2026-09-14:7.98
2026-10-01,mento-v2,Mento V2,Algo-Stables,value_locked,100.0,90,0,0,0,0,
2026-10-01,meridian-predict,Meridian Predict,Prediction Market,fees,87.5,16,2,0,0,0,
2026-10-01,meridian-predict,Meridian Predict,Prediction Market,value_locked,100.0,87,0,0,0,0,
2026-10-01,merlins-seal,Merlins Seal,Liquidity bridges,value_locked,100.0,90,0,0,0,0,
2026-10-01,meta-2-2,MetaDAO,DEXs,fees,100.0,90,0,0,0,0,
2026-10-01,meta-2-2,MetaDAO,DEXs,revenue_to_holders,100.0,90,0,0,0,0,
2026-10-01,meta-2-2,MetaDAO,DEXs,revenue,100.0,90,0,0,0,0,
2026-10-01,meta-2-2,MetaDAO,DEXs,dex_volume,98.9,90,0,1,0,0,2026-07-29:5.05
2026-10-01,meta-pool-near,Meta Pool Near,Liquid Staking,value_locked,100.0,90,0,0,0,0,
2026-10-01,meteora,Meteora,DEXs,fees,100.0,90,0,0,0,0,
2026-10-01,meteora,Meteora,DEXs,revenue_to_holders,100.0,90,0,0,0,0,
2026-10-01,meteora,Meteora,DEXs,revenue,100.0,90,0,0,0,0,
2026-10-01,meteora,Meteora,DEXs,dex_volume,100.0,90,0,0,0,0,
2026-10-01,meteora-dlmm,Meteora DLMM,DEXs,fees,98.9,90,1,0,0,0,
2026-10-01,meteora-dlmm,Meteora DLMM,DEXs,revenue_to_holders,97.9,47,1,0,0,0,
2026-10-01,meteora-dlmm,Meteora DLMM,DEXs,revenue,98.9,90,1,0,0,0,
2026-10-01,meteora-dlmm,Meteora DLMM,DEXs,value_locked,100.0,90,0,0,0,0,
2026-10-01,meteora-dlmm,Meteora DLMM,DEXs,dex_volume,100.0,90,0,0,0,0,
2026-10-01,meth-protocol,mETH Protocol,Liquid Staking,fees,97.8,90,1,1,0,0,2026-07-16:6.95
2026-10-01,meth-protocol,mETH Protocol,Liquid Staking,revenue_to_holders,98.9,90,1,0,0,0,
2026-10-01,meth-protocol,mETH Protocol,Liquid Staking,revenue,97.8,90,1,1,0,0,2026-07-16:6.95
2026-10-01,meth-protocol,mETH Protocol,Liquid Staking,value_locked,100.0,90,0,0,0,0,
2026-10-01,midas-rwa,Midas RWA,RWA tokenized treasuries,fees,95.6,90,1,3,0,0,2026-07-06:5.41; 2026-07-10:6.0; 2026-08-20:10.51
2026-10-01,midas-rwa,Midas RWA,RWA tokenized treasuries,revenue,97.8,90,1,1,0,0,2026-09-03:42.75
2026-10-01,midas-rwa,Midas RWA,RWA tokenized treasuries,value_locked,85.6,90,13,0,0,0,
2026-10-01,moonlander,Moonlander,Derivatives,fees,95.6,90,2,1,0,1,2026-09-28:18.36
2026-10-01,moonlander,Moonlander,Derivatives,value_locked,100.0,90,0,0,0,0,
2026-10-01,morpho,Morpho,Lending,fees,100.0,90,0,0,0,0,
2026-10-01,morpho,Morpho,Lending,revenue_to_holders,100.0,90,0,0,0,0,
2026-10-01,morpho,Morpho,Lending,revenue,100.0,90,0,0,0,0,
2026-10-01,morpho-blue,Morpho Blue,Lending,fees,97.8,90,1,0,0,1,
2026-10-01,morpho-blue,Morpho Blue,Lending,revenue_to_holders,98.9,90,1,0,0,0,
2026-10-01,morpho-blue,Morpho Blue,Lending,revenue,98.9,90,1,0,0,0,
2026-10-01,morpho-blue,Morpho Blue,Lending,value_locked,100.0,90,0,0,0,0,
2026-10-01,myriad-markets,Myriad Markets,Prediction Market,fees,94.4,90,1,4,0,0,2026-07-14:5.21; 2026-07-31:10.49; 2026-09-21:23.22; 2026-09-28:6.17
2026-10-01,myriad-markets,Myriad Markets,Prediction Market,revenue,95.6,90,1,2,0,1,2026-07-31:14.18; 2026-09-21:16.27
2026-10-01,myriad-markets,Myriad Markets,Prediction Market,value_locked,100.0,90,0,0,0,0,
2026-10-01,navi-lending,NAVI Lending,Lending,fees,98.9,90,1,0,0,0,
2026-10-01,navi-lending,NAVI Lending,Lending,revenue_to_holders,98.9,90,1,0,0,0,
2026-10-01,navi-lending,NAVI Lending,Lending,revenue,97.8,90,1,1,0,0,2026-07-28:5.36
2026-10-01,navi-lending,NAVI Lending,Lending,value_locked,100.0,90,0,0,0,0,
2026-10-01,near-bridge,NEAR Bridge,Canonical Bridge,value_locked,100.0,37,0,0,0,0,
2026-10-01,neo,NEO,Chains,value_locked,100.0,90,0,0,0,0,
2026-10-01,nexus-btc,Nexus BTC,Liquidity bridges,value_locked,100.0,90,0,0,0,0,
2026-10-01,nexus-mutual,Nexus Mutual,Insurance,fees,93.3,90,1,5,0,0,2026-08-03:35.12; 2026-08-07:9.3; 2026-09-02:20.25; 2026-09-07:17.55; 2026-09-18:6.29
2026-10-01,nexus-mutual,Nexus Mutual,Insurance,revenue_to_holders,93.3,90,1,5,0,0,2026-08-03:35.12; 2026-08-07:9.3; 2026-09-02:20.28; 2026-09-07:17.56; 2026-09-18:6.29
2026-10-01,nexus-mutual,Nexus Mutual,Insurance,revenue,93.3,90,1,5,0,0,2026-08-03:35.12; 2026-08-07:9.3; 2026-09-02:20.28; 2026-09-07:17.56; 2026-09-18:6.29
2026-10-01,nexus-mutual,Nexus Mutual,Insurance,value_locked,100.0,90,0,0,0,0,
2026-10-01,nome-protocol,NOME Protocol,Algo-Stables,value_locked,100.0,90,0,0,0,0,
2026-10-01,nonce-capital,Nonce Capital,Risk Curators,value_locked,100.0,2,0,0,0,0,
2026-10-01,obol,Obol,Staking Pool,fees,88.9,90,5,5,0,0,2026-07-04:91.65; 2026-07-06:131.03; 2026-09-08:6.77; 2026-09-16:21.57; 2026-09-18:5.38
2026-10-01,obol,Obol,Staking Pool,revenue,88.9,90,5,5,0,0,2026-07-26:46.33; 2026-07-29:64.85; 2026-09-06:117.8; 2026-09-08:21.25; 2026-09-16:12.96
2026-10-01,obol,Obol,Staking Pool,value_locked,100.0,90,0,0,0,0,
2026-10-01,ondo-finance,Ondo,RWA other,fees,93.3,90,6,0,0,0,
2026-10-01,ondo-finance,Ondo,RWA other,revenue_to_holders,93.3,90,6,0,0,0,
2026-10-01,ondo-finance,Ondo,RWA other,revenue,93.3,90,6,0,0,0,
2026-10-01,ondo-global-markets,Ondo Global Markets,RWA other,value_locked,87.8,90,11,0,0,0,
2026-10-01,ondo-yield-assets,Ondo Yield Assets,RWA tokenized treasuries,fees,92.2,90,7,0,0,0,
2026-10-01,ondo-yield-assets,Ondo Yield Assets,RWA tokenized treasuries,revenue_to_holders,92.2,90,7,0,0,0,
2026-10-01,ondo-yield-assets,Ondo Yield Assets,RWA tokenized treasuries,revenue,92.2,90,7,0,0,0,
2026-10-01,ondo-yield-assets,Ondo Yield Assets,RWA tokenized treasuries,value_locked,82.2,90,16,0,0,0,
2026-10-01,onre,OnRe,RWA private credit,fees,98.9,90,1,0,0,0,
2026-10-01,onre,OnRe,RWA private credit,revenue,97.8,90,1,1,0,0,2026-09-21:945400.0
2026-10-01,onre,OnRe,RWA private credit,value_locked,100.0,90,0,0,0,0,
2026-10-01,openeden-tbill,OpenEden TBILL,RWA tokenized treasuries,fees,98.9,90,1,0,0,0,
2026-10-01,openeden-tbill,OpenEden TBILL,RWA tokenized treasuries,revenue,98.9,90,1,0,0,0,
2026-10-01,openeden-tbill,OpenEden TBILL,RWA tokenized treasuries,value_locked,82.2,90,16,0,0,0,
2026-10-01,opentrade,OpenTrade,RWA other,fees,98.9,90,1,0,0,0,
2026-10-01,opentrade,OpenTrade,RWA other,revenue,98.9,90,1,0,0,0,
2026-10-01,opentrade,OpenTrade,RWA other,value_locked,100.0,90,0,0,0,0,
2026-10-01,opinion,OPINION,Prediction Market,fees,97.8,90,1,0,0,1,
2026-10-01,opinion,OPINION,Prediction Market,revenue_to_holders,98.9,90,1,0,0,0,
2026-10-01,opinion,OPINION,Prediction Market,revenue,97.8,90,1,0,0,1,
2026-10-01,opinion,OPINION,Prediction Market,value_locked,100.0,90,0,0,0,0,
2026-10-01,optimism,Optimism,Chains,fees,98.9,90,0,1,0,0,2026-09-24:5.97
2026-10-01,optimism,Optimism,Chains,stablecoin_supply,100.0,90,0,0,0,0,
2026-10-01,optimism,Optimism,Chains,transactions,98.9,90,1,0,0,0,
2026-10-01,optimism,Optimism,Chains,value_locked,96.7,90,0,0,0,3,
2026-10-01,orca-dex,Orca DEX,DEXs,fees,98.9,90,1,0,0,0,
2026-10-01,orca-dex,Orca DEX,DEXs,revenue_to_holders,98.9,90,1,0,0,0,
2026-10-01,orca-dex,Orca DEX,DEXs,revenue,98.9,90,1,0,0,0,
2026-10-01,orca-dex,Orca DEX,DEXs,value_locked,100.0,90,0,0,0,0,
2026-10-01,orca-dex,Orca DEX,DEXs,dex_volume,100.0,90,0,0,0,0,
2026-10-01,ordernchaos,OrderNChaos,Algo-Stables,value_locked,100.0,90,0,0,0,0,
2026-10-01,ostable,Ostable,Algo-Stables,value_locked,100.0,90,0,0,0,0,
2026-10-01,ostium,Ostium,Derivatives,fees,95.6,90,1,3,0,0,2026-07-09:6.41; 2026-08-31:11.43; 2026-09-28:5.32
2026-10-01,ostium,Ostium,Derivatives,revenue,97.8,90,1,1,0,0,2026-07-30:6.0
2026-10-01,ostium,Ostium,Derivatives,value_locked,100.0,90,0,0,0,0,
2026-10-01,overtime,Overtime,Prediction Market,fees,94.4,90,1,4,0,0,2026-07-13:10.67; 2026-07-20:11.64; 2026-07-27:5.15; 2026-09-28:10.62
2026-10-01,overtime,Overtime,Prediction Market,revenue_to_holders,94.4,90,1,4,0,0,2026-07-13:10.67; 2026-07-20:11.64; 2026-07-27:5.15; 2026-09-28:10.62
2026-10-01,overtime,Overtime,Prediction Market,revenue,94.4,90,1,4,0,0,2026-07-13:10.67; 2026-07-20:11.64; 2026-07-27:5.15; 2026-09-28:10.62
2026-10-01,overtime,Overtime,Prediction Market,value_locked,100.0,90,0,0,0,0,
2026-10-01,pacifica-perps,Pacifica Perps,Derivatives,fees,98.7,76,1,0,0,0,
2026-10-01,pacifica-perps,Pacifica Perps,Derivatives,revenue,98.7,76,1,0,0,0,
2026-10-01,pacifica-perps,Pacifica Perps,Derivatives,value_locked,100.0,90,0,0,0,0,
2026-10-01,pancakeswap-amm,PancakeSwap AMM,DEXs,fees,88.9,90,9,1,0,0,2026-08-02:6.25
2026-10-01,pancakeswap-amm,PancakeSwap AMM,DEXs,revenue_to_holders,88.9,90,9,1,0,0,2026-08-02:6.25
2026-10-01,pancakeswap-amm,PancakeSwap AMM,DEXs,revenue,88.9,90,9,1,0,0,2026-08-02:6.25
2026-10-01,pancakeswap-amm,PancakeSwap AMM,DEXs,value_locked,94.4,90,5,0,0,0,
2026-10-01,pancakeswap-amm,PancakeSwap AMM,DEXs,dex_volume,97.8,90,0,2,0,0,2026-08-02:6.54; 2026-09-08:5.67
2026-10-01,pancakeswap-amm-v3,PancakeSwap AMM V3,DEXs,fees,97.8,90,2,0,0,0,
2026-10-01,pancakeswap-amm-v3,PancakeSwap AMM V3,DEXs,revenue_to_holders,97.8,90,2,0,0,0,
2026-10-01,pancakeswap-amm-v3,PancakeSwap AMM V3,DEXs,revenue,97.8,90,2,0,0,0,
2026-10-01,pancakeswap-amm-v3,PancakeSwap AMM V3,DEXs,value_locked,100.0,90,0,0,0,0,
2026-10-01,pancakeswap-amm-v3,PancakeSwap AMM V3,DEXs,dex_volume,100.0,90,0,0,0,0,
2026-10-01,pancakeswap-token,PancakeSwap,DEXs,fees,97.8,90,0,0,0,2,
2026-10-01,pancakeswap-token,PancakeSwap,DEXs,revenue_to_holders,97.8,90,0,0,0,2,
2026-10-01,pancakeswap-token,PancakeSwap,DEXs,revenue,97.8,90,0,0,0,2,
2026-10-01,pancakeswap-token,PancakeSwap,DEXs,dex_volume,92.2,90,0,0,0,7,
2026-10-01,pareto-credit,Pareto Credit,Uncollateralized Lending,value_locked,24.4,90,0,0,0,68,
2026-10-01,pascal,Pascal,Prediction Market,value_locked,100.0,65,0,0,0,0,
2026-10-01,paxos-gold,Paxos Gold,RWA other,fees,98.9,90,1,0,0,0,
2026-10-01,paxos-gold,Paxos Gold,RWA other,revenue,98.9,90,1,0,0,0,
2026-10-01,paxos-gold,Paxos Gold,RWA other,value_locked,82.2,90,16,0,0,0,
2026-10-01,pegasusdollar,Pegasusdollar,Algo-Stables,value_locked,100.0,90,0,0,0,0,
2026-10-01,pendle,Pendle,Yield,fees,91.1,90,0,5,0,3,2026-07-13:11.19; 2026-07-27:18.4; 2026-08-10:23.92; 2026-09-07:14.31; 2026-09-21:7.98
2026-10-01,pendle,Pendle,Yield,revenue_to_holders,91.1,90,0,5,0,3,2026-07-13:13.73; 2026-07-27:22.59; 2026-08-10:28.22; 2026-09-07:16.28; 2026-09-21:9.06
2026-10-01,pendle,Pendle,Yield,revenue,91.1,90,0,5,0,3,2026-07-13:11.48; 2026-07-27:18.8; 2026-08-10:24.83; 2026-09-07:14.57; 2026-09-21:8.09
2026-10-01,pendle-v2,Pendle V2,Yield,fees,92.2,90,1,5,0,1,2026-07-13:13.07; 2026-07-27:22.16; 2026-08-10:27.15; 2026-09-07:15.92; 2026-09-21:8.93
2026-10-01,pendle-v2,Pendle V2,Yield,revenue_to_holders,92.2,90,1,5,0,1,2026-07-13:13.73; 2026-07-27:22.59; 2026-08-10:28.22; 2026-09-07:16.28; 2026-09-21:9.06
2026-10-01,pendle-v2,Pendle V2,Yield,revenue,92.2,90,1,5,0,1,2026-07-13:13.73; 2026-07-27:22.59; 2026-08-10:28.22; 2026-09-07:16.28; 2026-09-21:9.06
2026-10-01,pendle-v2,Pendle V2,Yield,value_locked,100.0,90,0,0,0,0,
2026-10-01,phantom-sol,Phantom SOL,Liquid Staking,fees,78.9,90,1,18,0,0,2026-07-12:8286.78; 2026-07-14:593.06; 2026-07-16:86.71; 2026-07-18:86.8; 2026-07-20:83.79; 2026-07-22:85.43; 2026-07-25:48.45; 2026-07-27:47.48; 2026-07-29:47.42; 2026-07-31:57.77; 2026-08-02:57.44; 2026-08-04:57.52; 2026-08-06:56.69; 2026-08-08:59.07; 2026-08-10:85.29; 2026-08-13:60.3; 2026-08-15:57.53; 2026-09-02:60.12
2026-10-01,phantom-sol,Phantom SOL,Liquid Staking,revenue,96.7,90,1,2,0,0,2026-07-16:5.94; 2026-09-26:5.21
2026-10-01,phantom-sol,Phantom SOL,Liquid Staking,value_locked,100.0,90,0,0,0,0,
2026-10-01,phase-delegation,Phase Delegation,Liquid Staking,fees,85.6,90,1,12,0,0,2026-07-08:72539.39; 2026-07-10:73006.06; 2026-07-12:71869.7; 2026-07-27:77735.59; 2026-07-29:77172.88; 2026-07-31:76406.78; 2026-08-04:75186.67; 2026-08-06:73413.33; 2026-08-08:77076.67; 2026-08-10:77690.0; 2026-08-13:4679600.0; 2026-08-15:2281300.0
2026-10-01,phase-delegation,Phase Delegation,Liquid Staking,revenue,85.6,90,1,12,0,0,2026-07-08:3627.27; 2026-07-10:3651.52; 2026-07-12:3593.94; 2026-07-27:3888.14; 2026-07-29:3857.63; 2026-07-31:3820.34; 2026-08-04:3760.0; 2026-08-06:3670.0; 2026-08-08:3853.33; 2026-08-10:3883.33; 2026-08-13:234000.0; 2026-08-15:114100.0
2026-10-01,phase-delegation,Phase Delegation,Liquid Staking,value_locked,100.0,36,0,0,0,0,
2026-10-01,pinksale,PinkSale,Launchpad,fees,85.6,90,1,12,0,0,2026-07-09:42.22; 2026-07-19:1975.76; 2026-07-23:973.71; 2026-07-31:13.86; 2026-08-11:56.19; 2026-08-19:48.65; 2026-08-29:6.25; 2026-09-03:391.01; 2026-09-15:10.09; 2026-09-18:46.68; 2026-09-21:7.84; 2026-09-23:23.58
2026-10-01,pinksale,PinkSale,Launchpad,revenue_to_holders,98.9,90,1,0,0,0,
2026-10-01,pinksale,PinkSale,Launchpad,revenue,85.6,90,1,12,0,0,2026-07-09:42.22; 2026-07-19:1975.76; 2026-07-23:973.71; 2026-07-31:13.86; 2026-08-11:56.19; 2026-08-19:48.65; 2026-08-29:6.25; 2026-09-03:391.01; 2026-09-15:10.09; 2026-09-18:46.68; 2026-09-21:7.84; 2026-09-23:23.58
2026-10-01,pinksale,PinkSale,Launchpad,value_locked,98.9,90,1,0,0,0,
2026-10-01,plume-vaults,Plume Vaults,RWA other,fees,97.8,90,1,1,0,0,2026-07-22:5.01
2026-10-01,plume-vaults,Plume Vaults,RWA other,revenue,98.9,90,1,0,0,0,
2026-10-01,plume-vaults,Plume Vaults,RWA other,value_locked,100.0,90,0,0,0,0,
2026-10-01,polkadot,Polkadot,Chains,fees,97.8,90,0,2,0,0,2026-07-25:178.67; 2026-08-06:8.0
2026-10-01,polkadot,Polkadot,Chains,stablecoin_supply,100.0,90,0,0,0,0,
2026-10-01,polkadot,Polkadot,Chains,value_locked,100.0,90,0,0,0,0,
2026-10-01,polygon-ecosystem-token,POL (ex-MATIC),Chains,fees,100.0,90,0,0,0,0,
2026-10-01,polygon-ecosystem-token,POL (ex-MATIC),Chains,stablecoin_supply,100.0,90,0,0,0,0,
2026-10-01,polygon-ecosystem-token,POL (ex-MATIC),Chains,value_locked,97.8,90,0,0,0,2,
2026-10-01,polymarket-international,Polymarket International,Prediction Market,fees,92.2,90,1,0,0,6,
2026-10-01,polymarket-international,Polymarket International,Prediction Market,revenue,92.2,90,1,0,0,6,
2026-10-01,polymarket-international,Polymarket International,Prediction Market,value_locked,100.0,90,0,0,0,0,
2026-10-01,pons,Pons,Launchpad,fees,98.8,80,0,0,0,1,
2026-10-01,pons,Pons,Launchpad,revenue_to_holders,97.5,80,0,2,0,0,2026-08-25:9.5; 2026-09-22:5.02
2026-10-01,pons,Pons,Launchpad,revenue,98.8,80,0,0,0,1,
2026-10-01,portal,Portal,Liquidity bridges,fees,98.9,90,1,0,0,0,
2026-10-01,portal,Portal,Liquidity bridges,revenue,98.9,90,1,0,0,0,
2026-10-01,portal,Portal,Liquidity bridges,value_locked,100.0,90,0,0,0,0,
2026-10-01,prdt,PRDT,Prediction Market,value_locked,100.0,90,0,0,0,0,
2026-10-01,predict-fun,Predict Fun,Prediction Market,fees,97.8,90,1,0,0,1,
2026-10-01,predict-fun,Predict Fun,Prediction Market,revenue,97.8,90,1,0,0,1,
2026-10-01,predict-fun,Predict Fun,Prediction Market,value_locked,100.0,90,0,0,0,0,
2026-10-01,predictstreet,PredictStreet,Prediction Market,fees,98.9,90,1,0,0,0,
2026-10-01,predictstreet,PredictStreet,Prediction Market,revenue,98.9,90,1,0,0,0,
2026-10-01,predictstreet,PredictStreet,Prediction Market,value_locked,100.0,71,0,0,0,0,
2026-10-01,pulse-rate,Pulse Rate,Algo-Stables,value_locked,98.9,90,0,0,1,0,2026-09-11:0.4
2026-10-01,pump-fun,Pump.fun,Launchpad,fees,97.8,90,0,0,0,2,
2026-10-01,pump-fun,Pump.fun,Launchpad,revenue_to_holders,98.9,90,0,0,0,1,
2026-10-01,pump-fun,Pump.fun,Launchpad,revenue,97.8,90,0,0,0,2,
2026-10-01,pump-fun,Pump.fun,Launchpad,dex_volume,90.0,90,0,0,0,9,
2026-10-01,pumpswap,PumpSwap,DEXs,fees,98.9,90,1,0,0,0,
2026-10-01,pumpswap,PumpSwap,DEXs,revenue_to_holders,98.9,90,1,0,0,0,
2026-10-01,pumpswap,PumpSwap,DEXs,revenue,98.9,90,1,0,0,0,
2026-10-01,pumpswap,PumpSwap,DEXs,value_locked,100.0,90,0,0,0,0,
2026-10-01,pumpswap,PumpSwap,DEXs,dex_volume,100.0,90,0,0,0,0,
2026-10-01,pyth-network,Pyth Network,Oracle,value_locked,100.0,90,0,0,0,0,
2026-10-01,quickswap-dex,Quickswap Dex,DEXs,fees,98.9,90,1,0,0,0,
2026-10-01,quickswap-dex,Quickswap Dex,DEXs,revenue_to_holders,98.9,90,1,0,0,0,
2026-10-01,quickswap-dex,Quickswap Dex,DEXs,revenue,98.9,90,1,0,0,0,
2026-10-01,quickswap-dex,Quickswap Dex,DEXs,value_locked,100.0,90,0,0,0,0,
2026-10-01,quickswap-dex,Quickswap Dex,DEXs,dex_volume,100.0,90,0,0,0,0,
2026-10-01,r25,R25,RWA other,value_locked,100.0,90,0,0,0,0,
2026-10-01,raac,RAAC,RWA other,value_locked,84.4,90,14,0,0,0,
2026-10-01,railgun,Railgun,Privacy,fees,96.7,90,1,2,0,0,2026-07-10:5.43; 2026-09-29:6.48
2026-10-01,railgun,Railgun,Privacy,revenue_to_holders,98.9,90,1,0,0,0,
2026-10-01,railgun,Railgun,Privacy,revenue,96.7,90,1,2,0,0,2026-07-10:5.43; 2026-09-29:6.48
2026-10-01,railgun,Railgun,Privacy,value_locked,100.0,90,0,0,0,0,
2026-10-01,rain,Rain,Prediction Market,fees,97.8,90,1,1,0,0,2026-07-05:2248.03
2026-10-01,rain,Rain,Prediction Market,revenue_to_holders,98.9,90,1,0,0,0,
2026-10-01,rain,Rain,Prediction Market,revenue,98.9,90,1,0,0,0,
2026-10-01,rain,Rain,Prediction Market,value_locked,100.0,90,0,0,0,0,
2026-10-01,raydium,Raydium,DEXs,fees,100.0,90,0,0,0,0,
2026-10-01,raydium,Raydium,DEXs,revenue_to_holders,100.0,90,0,0,0,0,
2026-10-01,raydium,Raydium,DEXs,revenue,100.0,90,0,0,0,0,
2026-10-01,raydium,Raydium,DEXs,dex_volume,90.0,90,0,0,0,9,
2026-10-01,raydium-amm,Raydium AMM,DEXs,fees,98.9,90,1,0,0,0,
2026-10-01,raydium-amm,Raydium AMM,DEXs,revenue_to_holders,98.9,90,1,0,0,0,
2026-10-01,raydium-amm,Raydium AMM,DEXs,revenue,98.9,90,1,0,0,0,
2026-10-01,raydium-amm,Raydium AMM,DEXs,value_locked,100.0,90,0,0,0,0,
2026-10-01,raydium-amm,Raydium AMM,DEXs,dex_volume,100.0,90,0,0,0,0,
2026-10-01,re,Re,RWA private credit,fees,97.8,90,1,0,0,1,
2026-10-01,re,Re,RWA private credit,revenue,91.1,90,1,7,0,0,2026-07-12:605.41; 2026-07-14:156.0; 2026-07-16:1167.57; 2026-08-06:1600.0; 2026-08-25:856.0; 2026-09-02:40.8; 2026-09-05:44.0
2026-10-01,re,Re,RWA private credit,value_locked,100.0,90,0,0,0,0,
2026-10-01,realt-tokens,RealT Tokens,RWA other,value_locked,100.0,90,0,0,0,0,
2026-10-01,renzo,Renzo,Liquid Restaking,fees,98.9,90,1,0,0,0,
2026-10-01,renzo,Renzo,Liquid Restaking,revenue_to_holders,98.9,90,1,0,0,0,
2026-10-01,renzo,Renzo,Liquid Restaking,revenue,98.9,90,1,0,0,0,
2026-10-01,renzo,Renzo,Liquid Restaking,value_locked,100.0,90,0,0,0,0,
2026-10-01,rhea-lend,Rhea Lend,Lending,fees,98.9,90,1,0,0,0,
2026-10-01,rhea-lend,Rhea Lend,Lending,revenue,98.9,90,1,0,0,0,
2026-10-01,rhea-lend,Rhea Lend,Lending,value_locked,97.8,90,0,0,2,0,2026-08-04:0.47; 2026-08-30:0.46
2026-10-01,ripple,XRP,Chains,fees,100.0,90,0,0,0,0,
2026-10-01,ripple,XRP,Chains,stablecoin_supply,100.0,90,0,0,0,0,
2026-10-01,ripple,XRP,Chains,value_locked,96.7,90,0,0,0,3,
2026-10-01,risex,RISEx,Derivatives,value_locked,100.0,90,0,0,0,0,
2026-10-01,robinhood-chain-bridge,Robinhood Chain Bridge,Canonical Bridge,value_locked,100.0,88,0,0,0,0,
2026-10-01,rockawayx,RockawayX,Risk Curators,fees,98.9,90,1,0,0,0,
2026-10-01,rockawayx,RockawayX,Risk Curators,revenue,98.9,90,1,0,0,0,
2026-10-01,rockawayx,RockawayX,Risk Curators,value_locked,100.0,90,0,0,0,0,
2026-10-01,rocket-pool,Rocket Pool,Liquid Staking,fees,96.7,90,1,2,0,0,2026-07-16:82.96; 2026-07-25:5.09
2026-10-01,rocket-pool,Rocket Pool,Liquid Staking,revenue,98.9,90,1,0,0,0,
2026-10-01,rocket-pool,Rocket Pool,Liquid Staking,value_locked,100.0,90,0,0,0,0,
2026-10-01,rocketswap-anubis,RocketSwap Anubis,DEXs,value_locked,100.0,90,0,0,0,0,
2026-10-01,sanctum-infinity,Sanctum Infinity,DEXs,fees,98.9,90,1,0,0,0,
2026-10-01,sanctum-infinity,Sanctum Infinity,DEXs,revenue_to_holders,98.9,90,1,0,0,0,
2026-10-01,sanctum-infinity,Sanctum Infinity,DEXs,revenue,98.9,90,1,0,0,0,
2026-10-01,sanctum-infinity,Sanctum Infinity,DEXs,value_locked,100.0,90,0,0,0,0,
2026-10-01,sanctum-infinity,Sanctum Infinity,DEXs,dex_volume,93.3,90,0,6,0,0,2026-07-10:9.73; 2026-07-26:5.41; 2026-08-20:5.12; 2026-09-15:6.72; 2026-09-18:6.1; 2026-09-22:101.52
2026-10-01,sanctum-validator-lsts,Sanctum Validator LSTs,Liquid Staking,fees,75.6,90,1,21,0,0,2026-07-04:71.48; 2026-07-06:71.57; 2026-07-08:843.28; 2026-07-10:864.43; 2026-07-12:848.23; 2026-07-14:363.92; 2026-07-16:188.99; 2026-07-18:187.12; 2026-07-20:194.43; 2026-07-22:200.45; 2026-07-25:184.65; 2026-07-27:188.32; 2026-07-29:251.07; 2026-07-31:179.58; 2026-08-02:178.76; 2026-08-04:181.88; 2026-08-06:178.04; 2026-08-08:190.75; 2026-08-10:191.03; 2026-08-13:157.8; 2026-08-15:95.38
2026-10-01,sanctum-validator-lsts,Sanctum Validator LSTs,Liquid Staking,revenue_to_holders,98.9,90,1,0,0,0,
2026-10-01,sanctum-validator-lsts,Sanctum Validator LSTs,Liquid Staking,revenue,87.8,90,1,10,0,0,2026-07-08:24.01; 2026-07-10:23.8; 2026-07-12:23.23; 2026-07-14:9.57; 2026-07-20:6.71; 2026-07-22:12.0; 2026-07-27:11.21; 2026-07-29:6.55; 2026-08-06:5.43; 2026-08-10:5.0
2026-10-01,sanctum-validator-lsts,Sanctum Validator LSTs,Liquid Staking,value_locked,100.0,90,0,0,0,0,
2026-10-01,saturn,Saturn,Stablecoin Wrapper,fees,88.9,90,1,9,0,0,2026-07-06:12.52; 2026-07-27:32.42; 2026-07-30:24.3; 2026-08-03:29.02; 2026-08-05:15.57; 2026-08-07:7.11; 2026-08-24:17.12; 2026-08-27:11.23; 2026-09-11:6.89
2026-10-01,saturn,Saturn,Stablecoin Wrapper,revenue,97.8,90,1,1,0,0,2026-08-12:15.04
2026-10-01,saturn,Saturn,Stablecoin Wrapper,value_locked,100.0,90,0,0,0,0,
2026-10-01,scroll,Scroll,Chains,stablecoin_supply,98.9,90,0,0,1,0,2026-08-29:0.01
2026-10-01,scroll,Scroll,Chains,transactions,98.9,90,1,0,0,0,
2026-10-01,seer,Seer,Prediction Market,value_locked,100.0,90,0,0,0,0,
2026-10-01,sei-network,Sei,Chains,fees,100.0,90,0,0,0,0,
2026-10-01,sei-network,Sei,Chains,stablecoin_supply,95.6,90,0,0,0,4,
2026-10-01,sei-network,Sei,Chains,value_locked,94.4,90,0,0,0,5,
2026-10-01,sentora-curator,Sentora Curator,Risk Curators,fees,98.9,90,1,0,0,0,
2026-10-01,sentora-curator,Sentora Curator,Risk Curators,revenue,97.8,90,1,0,0,1,
2026-10-01,sentora-curator,Sentora Curator,Risk Curators,value_locked,14.4,90,0,0,0,77,
2026-10-01,sigmausd,Sigmausd,Algo-Stables,value_locked,100.0,90,0,0,0,0,
2026-10-01,sky-lending,Sky Lending,CDP,fees,98.9,90,1,0,0,0,
2026-10-01,sky-lending,Sky Lending,CDP,revenue_to_holders,98.9,90,1,0,0,0,
2026-10-01,sky-lending,Sky Lending,CDP,revenue,98.9,90,1,0,0,0,
2026-10-01,sky-lending,Sky Lending,CDP,value_locked,100.0,90,0,0,0,0,
2026-10-01,sky-money,Sky Money,Risk Curators,fees,98.9,90,1,0,0,0,
2026-10-01,sky-money,Sky Money,Risk Curators,revenue_to_holders,98.9,90,1,0,0,0,
2026-10-01,sky-money,Sky Money,Risk Curators,revenue,98.9,90,1,0,0,0,
2026-10-01,sky-money,Sky Money,Risk Curators,value_locked,100.0,90,0,0,0,0,
2026-10-01,sky-rwa,Sky RWA,RWA private credit,value_locked,100.0,90,0,0,0,0,
2026-10-01,solana,Solana,Chains,fees,100.0,90,0,0,0,0,
2026-10-01,solana,Solana,Chains,stablecoin_supply,95.6,90,0,0,0,4,
2026-10-01,solana,Solana,Chains,value_locked,96.7,90,0,0,0,3,
2026-10-01,solstice,Solstice,Basis Trading,fees,98.9,90,1,0,0,0,
2026-10-01,solstice,Solstice,Basis Trading,revenue,98.9,90,1,0,0,0,
2026-10-01,solstice,Solstice,Basis Trading,value_locked,100.0,90,0,0,0,0,
2026-10-01,solv-basis-trading,Solv Basis Trading,Basis Trading,value_locked,100.0,90,0,0,0,0,
2026-10-01,solvbtc,SolvBTC,Liquidity bridges,fees,98.9,90,1,0,0,0,
2026-10-01,solvbtc,SolvBTC,Liquidity bridges,revenue_to_holders,98.9,90,1,0,0,0,
2026-10-01,solvbtc,SolvBTC,Liquidity bridges,revenue,98.9,90,1,0,0,0,
2026-10-01,solvbtc,SolvBTC,Liquidity bridges,value_locked,100.0,90,0,0,0,0,
2026-10-01,sosovalue-indexes,SoSoValue Indexes,Indexes,fees,98.9,90,1,0,0,0,
2026-10-01,sosovalue-indexes,SoSoValue Indexes,Indexes,revenue_to_holders,98.9,90,1,0,0,0,
2026-10-01,sosovalue-indexes,SoSoValue Indexes,Indexes,revenue,98.9,90,1,0,0,0,
2026-10-01,sosovalue-indexes,SoSoValue Indexes,Indexes,value_locked,100.0,90,0,0,0,0,
2026-10-01,spark-liquidity-layer,Spark Liquidity Layer,Onchain Capital Allocator,fees,98.9,90,1,0,0,0,
2026-10-01,spark-liquidity-layer,Spark Liquidity Layer,Onchain Capital Allocator,revenue_to_holders,98.9,90,1,0,0,0,
2026-10-01,spark-liquidity-layer,Spark Liquidity Layer,Onchain Capital Allocator,revenue,98.9,90,1,0,0,0,
2026-10-01,spark-liquidity-layer,Spark Liquidity Layer,Onchain Capital Allocator,value_locked,100.0,90,0,0,0,0,
2026-10-01,spark-savings,Spark Savings,Yield,value_locked,100.0,90,0,0,0,0,
2026-10-01,sparklend,SparkLend,Lending,fees,98.9,90,1,0,0,0,
2026-10-01,sparklend,SparkLend,Lending,revenue_to_holders,98.9,90,1,0,0,0,
2026-10-01,sparklend,SparkLend,Lending,revenue,97.8,90,1,0,0,1,
2026-10-01,sparklend,SparkLend,Lending,value_locked,100.0,90,0,0,0,0,
2026-10-01,spiko,Spiko,RWA tokenized treasuries,fees,96.7,90,1,2,0,0,2026-07-13:20.23; 2026-07-15:12.01
2026-10-01,spiko,Spiko,RWA tokenized treasuries,revenue,98.9,90,1,0,0,0,
2026-10-01,spiko,Spiko,RWA tokenized treasuries,value_locked,82.2,90,16,0,0,0,
2026-10-01,sport.fun,Sport.fun,Prediction Market,fees,98.9,90,1,0,0,0,
2026-10-01,sport.fun,Sport.fun,Prediction Market,revenue,98.9,90,1,0,0,0,
2026-10-01,sport.fun,Sport.fun,Prediction Market,value_locked,100.0,90,0,0,0,0,
2026-10-01,spot-cash,SPOT Cash,Algo-Stables,value_locked,100.0,90,0,0,0,0,
2026-10-01,ssv-network,SSV Network,Staking Pool,fees,97.8,90,1,0,0,1,
2026-10-01,ssv-network,SSV Network,Staking Pool,revenue_to_holders,97.8,90,1,0,0,1,
2026-10-01,ssv-network,SSV Network,Staking Pool,revenue,97.8,90,1,0,0,1,
2026-10-01,ssv-network,SSV Network,Staking Pool,value_locked,100.0,90,0,0,0,0,
2026-10-01,stacks-sbtc,Stacks sBTC,Liquidity bridges,value_locked,93.3,90,5,0,1,0,2026-08-06:0.0
2026-10-01,stader,Stader,Liquid Staking,fees,98.9,90,1,0,0,0,
2026-10-01,stader,Stader,Liquid Staking,revenue_to_holders,98.9,90,1,0,0,0,
2026-10-01,stader,Stader,Liquid Staking,revenue,98.9,90,1,0,0,0,
2026-10-01,stader,Stader,Liquid Staking,value_locked,100.0,90,0,0,0,0,
2026-10-01,stake-dao-yield,Stake DAO Yield,Yield,fees,96.7,90,1,2,0,0,2026-08-17:64.81; 2026-08-31:32.97
2026-10-01,stake-dao-yield,Stake DAO Yield,Yield,revenue_to_holders,98.9,90,1,0,0,0,
2026-10-01,stake-dao-yield,Stake DAO Yield,Yield,revenue,96.7,90,1,2,0,0,2026-08-17:64.81; 2026-08-31:32.97
2026-10-01,stake-dao-yield,Stake DAO Yield,Yield,value_locked,100.0,90,0,0,0,0,
2026-10-01,stakewise-v3,StakeWise V3,Liquid Staking,fees,98.9,90,1,0,0,0,
2026-10-01,stakewise-v3,StakeWise V3,Liquid Staking,revenue_to_holders,98.9,90,1,0,0,0,
2026-10-01,stakewise-v3,StakeWise V3,Liquid Staking,revenue,98.9,90,1,0,0,0,
2026-10-01,stakewise-v3,StakeWise V3,Liquid Staking,value_locked,100.0,90,0,0,0,0,
2026-10-01,stargate-v2,Stargate V2,Cross Chain Bridge,fees,96.7,90,1,1,0,1,2026-09-16:6.84
2026-10-01,stargate-v2,Stargate V2,Cross Chain Bridge,revenue,96.7,90,1,1,0,1,2026-09-16:6.84
2026-10-01,stargate-v2,Stargate V2,Cross Chain Bridge,value_locked,100.0,90,0,0,0,0,
2026-10-01,starknet,Starknet,Chains,fees,100.0,90,0,0,0,0,
2026-10-01,starknet,Starknet,Chains,stablecoin_supply,98.9,90,0,0,1,0,2026-09-18:0.06
2026-10-01,starknet,Starknet,Chains,transactions,98.9,90,1,0,0,0,
2026-10-01,starknet,Starknet,Chains,value_locked,100.0,90,0,0,0,0,
2026-10-01,steakhouse-financial,Steakhouse Financial,Risk Curators,fees,98.9,90,1,0,0,0,
2026-10-01,steakhouse-financial,Steakhouse Financial,Risk Curators,revenue_to_holders,98.9,90,1,0,0,0,
2026-10-01,steakhouse-financial,Steakhouse Financial,Risk Curators,revenue,97.8,90,1,0,0,1,
2026-10-01,steakhouse-financial,Steakhouse Financial,Risk Curators,value_locked,100.0,90,0,0,0,0,
2026-10-01,stellar,Stellar,Chains,fees,100.0,90,0,0,0,0,
2026-10-01,stellar,Stellar,Chains,stablecoin_supply,95.6,90,0,0,0,4,
2026-10-01,stellar,Stellar,Chains,value_locked,97.8,90,0,0,0,2,
2026-10-01,sthype,stHYPE,Liquid Staking,fees,98.9,90,1,0,0,0,
2026-10-01,sthype,stHYPE,Liquid Staking,revenue,98.9,90,1,0,0,0,
2026-10-01,sthype,stHYPE,Liquid Staking,value_locked,100.0,90,0,0,0,0,
2026-10-01,stusdt,stUSDT,RWA tokenized treasuries,fees,98.9,90,1,0,0,0,
2026-10-01,stusdt,stUSDT,RWA tokenized treasuries,revenue_to_holders,98.9,90,1,0,0,0,
2026-10-01,stusdt,stUSDT,RWA tokenized treasuries,revenue,94.4,90,1,4,0,0,2026-07-10:6.29; 2026-07-19:1240.8; 2026-08-11:540.0; 2026-09-07:796.19
2026-10-01,stusdt,stUSDT,RWA tokenized treasuries,value_locked,100.0,90,0,0,0,0,
2026-10-01,sui,Sui,Chains,fees,95.6,90,1,0,0,3,
2026-10-01,sui,Sui,Chains,stablecoin_supply,95.6,90,0,0,0,4,
2026-10-01,sui,Sui,Chains,value_locked,96.7,90,0,0,0,3,
2026-10-01,suilend,Suilend,Lending,fees,7.8,90,1,1,0,82,2026-08-22:5.25
2026-10-01,suilend,Suilend,Lending,revenue_to_holders,98.9,90,1,0,0,0,
2026-10-01,suilend,Suilend,Lending,revenue,7.8,90,1,1,0,82,2026-08-22:10.77
2026-10-01,suilend,Suilend,Lending,value_locked,100.0,90,0,0,0,0,
2026-10-01,sun-token,Sun Token,DEXs,fees,97.8,90,0,0,0,2,
2026-10-01,sun-token,Sun Token,DEXs,revenue_to_holders,100.0,90,0,0,0,0,
2026-10-01,sun-token,Sun Token,DEXs,revenue,97.8,90,0,1,0,1,2026-08-11:5.6
2026-10-01,sun-token,Sun Token,DEXs,dex_volume,98.9,90,0,0,0,1,
2026-10-01,sunswap-v2,SUNSwap V2,DEXs,fees,98.9,90,1,0,0,0,
2026-10-01,sunswap-v2,SUNSwap V2,DEXs,revenue_to_holders,98.9,90,1,0,0,0,
2026-10-01,sunswap-v2,SUNSwap V2,DEXs,revenue,98.9,90,1,0,0,0,
2026-10-01,sunswap-v2,SUNSwap V2,DEXs,value_locked,96.7,90,3,0,0,0,
2026-10-01,sunswap-v2,SUNSwap V2,DEXs,dex_volume,100.0,90,0,0,0,0,
2026-10-01,sunswap-v3,SUNSwap V3,DEXs,fees,98.9,90,1,0,0,0,
2026-10-01,sunswap-v3,SUNSwap V3,DEXs,revenue,98.9,90,1,0,0,0,
2026-10-01,sunswap-v3,SUNSwap V3,DEXs,value_locked,100.0,90,0,0,0,0,
2026-10-01,sunswap-v3,SUNSwap V3,DEXs,dex_volume,100.0,90,0,0,0,0,
2026-10-01,sushi,,DEXs,fees,100.0,90,0,0,0,0,
2026-10-01,sushi,,DEXs,revenue_to_holders,100.0,90,0,0,0,0,
2026-10-01,sushi,,DEXs,revenue,100.0,90,0,0,0,0,
2026-10-01,sushi,,DEXs,dex_volume,100.0,90,0,0,0,0,
2026-10-01,sx-bet,SX Bet,Prediction Market,fees,97.5,80,1,1,0,0,2026-07-15:7.91
2026-10-01,sx-bet,SX Bet,Prediction Market,revenue,97.5,80,1,1,0,0,2026-07-15:7.91
2026-10-01,sx-bet,SX Bet,Prediction Market,value_locked,100.0,21,0,0,0,0,
2026-10-01,symbiotic,Symbiotic,Collateral Markets,fees,95.6,90,1,3,0,0,2026-08-13:6013.64; 2026-08-17:8.57; 2026-09-21:114.53
2026-10-01,symbiotic,Symbiotic,Collateral Markets,revenue,98.9,90,1,0,0,0,
2026-10-01,symbiotic,Symbiotic,Collateral Markets,value_locked,98.9,90,1,0,0,0,
2026-10-01,syrup,Maple Finance,Lending,fees,91.1,90,0,8,0,0,2026-07-06:8.88; 2026-07-08:5.75; 2026-07-10:6.37; 2026-07-22:11.57; 2026-07-30:23.72; 2026-08-17:5.82; 2026-09-14:54.32; 2026-09-30:6.32
2026-10-01,syrup,Maple Finance,Lending,revenue_to_holders,92.2,90,0,7,0,0,2026-07-06:6.99; 2026-07-10:5.65; 2026-07-22:10.63; 2026-07-30:19.08; 2026-08-17:5.85; 2026-09-14:48.31; 2026-09-30:7.66
2026-10-01,syrup,Maple Finance,Lending,revenue,91.1,90,0,8,0,0,2026-07-06:8.11; 2026-07-08:5.78; 2026-07-10:5.65; 2026-07-22:10.63; 2026-07-30:19.07; 2026-08-17:5.85; 2026-09-14:48.29; 2026-09-30:7.66
2026-10-01,tangible-rwa,Tangible RWA,RWA other,fees,98.9,90,1,0,0,0,
2026-10-01,tangible-rwa,Tangible RWA,RWA other,revenue,98.9,90,1,0,0,0,
2026-10-01,tangible-rwa,Tangible RWA,RWA other,value_locked,100.0,90,0,0,0,0,
2026-10-01,tbtc,tBTC,Decentralized BTC,fees,95.6,90,1,3,0,0,2026-07-31:7.67; 2026-08-05:7.11; 2026-09-11:17.53
2026-10-01,tbtc,tBTC,Decentralized BTC,revenue_to_holders,98.9,90,1,0,0,0,
2026-10-01,tbtc,tBTC,Decentralized BTC,revenue,95.6,90,1,3,0,0,2026-07-31:7.67; 2026-08-05:7.11; 2026-09-11:17.53
2026-10-01,tbtc,tBTC,Decentralized BTC,value_locked,100.0,90,0,0,0,0,
2026-10-01,telos-consilium,Telos Consilium,Risk Curators,fees,98.9,90,1,0,0,0,
2026-10-01,telos-consilium,Telos Consilium,Risk Curators,revenue,98.9,90,1,0,0,0,
2026-10-01,telos-consilium,Telos Consilium,Risk Curators,value_locked,100.0,90,0,0,0,0,
2026-10-01,tether-gold,Tether Gold,RWA other,fees,98.9,90,1,0,0,0,
2026-10-01,tether-gold,Tether Gold,RWA other,revenue,98.9,90,1,0,0,0,
2026-10-01,tether-gold,Tether Gold,RWA other,value_locked,82.2,90,16,0,0,0,
2026-10-01,tezos,Tezos,Chains,fees,97.8,90,0,2,0,0,2026-08-16:16.12; 2026-09-04:7.51
2026-10-01,tezos,Tezos,Chains,stablecoin_supply,100.0,90,0,0,0,0,
2026-10-01,tezos,Tezos,Chains,value_locked,100.0,90,0,0,0,0,
2026-10-01,the-graph,The Graph,Developer Tools,fees,91.1,90,0,4,0,4,2026-08-15:22.38; 2026-08-23:7.76; 2026-09-05:24.6; 2026-09-21:6.23
2026-10-01,the-graph,The Graph,Developer Tools,revenue_to_holders,100.0,90,0,0,0,0,
2026-10-01,the-graph,The Graph,Developer Tools,revenue,100.0,90,0,0,0,0,
2026-10-01,the-graph,The Graph,Developer Tools,value_locked,100.0,90,0,0,0,0,
2026-10-01,the-open-network,Toncoin,Chains,fees,100.0,90,0,0,0,0,
2026-10-01,the-open-network,Toncoin,Chains,stablecoin_supply,100.0,90,0,0,0,0,
2026-10-01,the-open-network,Toncoin,Chains,value_locked,96.7,90,0,0,0,3,
2026-10-01,the-vault-liquid-staking,The Vault Liquid Staking,Liquid Staking,fees,88.9,90,1,9,0,0,2026-07-27:13499.76; 2026-07-29:13771.64; 2026-07-31:13770.66; 2026-08-04:4464.71; 2026-08-06:4535.94; 2026-08-08:2819.03; 2026-08-10:2825.27; 2026-08-13:2865.61; 2026-08-15:2554.72
2026-10-01,the-vault-liquid-staking,The Vault Liquid Staking,Liquid Staking,revenue_to_holders,98.9,90,1,0,0,0,
2026-10-01,the-vault-liquid-staking,The Vault Liquid Staking,Liquid Staking,revenue,84.4,90,1,13,0,0,2026-07-04:901.34; 2026-07-06:910.46; 2026-07-08:961.39; 2026-07-10:869.17; 2026-07-12:815.55; 2026-07-29:707.58; 2026-07-31:712.96; 2026-08-17:133.0; 2026-08-28:223.54; 2026-08-30:527.39; 2026-09-02:2228.35; 2026-09-05:4893.55; 2026-09-10:299.16
2026-10-01,the-vault-liquid-staking,The Vault Liquid Staking,Liquid Staking,value_locked,100.0,90,0,0,0,0,
2026-10-01,theo-network-thusd,Theo Network thUSD,RWA other,value_locked,100.0,22,0,0,0,0,
2026-10-01,thorchain,THORChain,Chains,fees,100.0,90,0,0,0,0,
2026-10-01,thorchain,THORChain,Chains,value_locked,98.9,90,0,0,0,1,
2026-10-01,tonstakers-lsd,Tonstakers LSD,Liquid Staking,fees,98.9,90,1,0,0,0,
2026-10-01,tonstakers-lsd,Tonstakers LSD,Liquid Staking,revenue,98.9,90,1,0,0,0,
2026-10-01,tonstakers-lsd,Tonstakers LSD,Liquid Staking,value_locked,100.0,90,0,0,0,0,
2026-10-01,tornado-cash,Tornado Cash,Privacy,fees,97.8,90,1,0,0,1,
2026-10-01,tornado-cash,Tornado Cash,Privacy,revenue,98.9,90,1,0,0,0,
2026-10-01,tornado-cash,Tornado Cash,Privacy,value_locked,100.0,90,0,0,0,0,
2026-10-01,tron,TRON,Chains,fees,98.9,90,1,0,0,0,
2026-10-01,tron,TRON,Chains,stablecoin_supply,67.8,90,0,0,0,29,
2026-10-01,tron,TRON,Chains,value_locked,100.0,90,0,0,0,0,
2026-10-01,trueo,Trueo,Prediction Market,fees,70.0,90,5,2,0,21,2026-07-05:288.6; 2026-07-08:141.37
2026-10-01,trueo,Trueo,Prediction Market,revenue_to_holders,94.4,90,5,0,0,0,
2026-10-01,trueo,Trueo,Prediction Market,revenue,70.0,90,5,2,0,21,2026-07-05:288.6; 2026-07-08:141.37
2026-10-01,trueo,Trueo,Prediction Market,value_locked,100.0,90,0,0,0,0,
2026-10-01,trust-wallet-token,Trust Wallet,Wallets,fees,98.9,90,0,0,0,1,
2026-10-01,trust-wallet-token,Trust Wallet,Wallets,revenue_to_holders,100.0,90,0,0,0,0,
2026-10-01,trust-wallet-token,Trust Wallet,Wallets,revenue,98.9,90,0,0,0,1,
2026-10-01,turbo,Turbo,DEXs,dex_volume,100.0,90,0,0,0,0,
2026-10-01,tydro,Tydro,Lending,fees,98.9,90,1,0,0,0,
2026-10-01,tydro,Tydro,Lending,revenue,98.9,90,1,0,0,0,
2026-10-01,tydro,Tydro,Lending,value_locked,100.0,90,0,0,0,0,
2026-10-01,uncx-network-v2,UNCX Network V2,Token Locker,fees,90.0,90,1,8,0,0,2026-07-23:15.25; 2026-08-06:5.25; 2026-08-14:7.22; 2026-09-04:5.16; 2026-09-09:5.42; 2026-09-14:11.07; 2026-09-26:8.38; 2026-09-28:5.48
2026-10-01,uncx-network-v2,UNCX Network V2,Token Locker,revenue_to_holders,98.9,90,1,0,0,0,
2026-10-01,uncx-network-v2,UNCX Network V2,Token Locker,revenue,90.0,90,1,8,0,0,2026-07-23:15.25; 2026-08-06:5.25; 2026-08-14:7.22; 2026-09-04:5.16; 2026-09-09:5.42; 2026-09-14:11.07; 2026-09-26:8.38; 2026-09-28:5.48
2026-10-01,uncx-network-v2,UNCX Network V2,Token Locker,value_locked,97.8,90,2,0,0,0,
2026-10-01,uniswap,Uniswap,DEXs,fees,14.4,90,0,0,0,77,
2026-10-01,uniswap,Uniswap,DEXs,revenue_to_holders,36.7,90,0,0,0,57,
2026-10-01,uniswap,Uniswap,DEXs,revenue,36.7,90,0,0,0,57,
2026-10-01,uniswap,Uniswap,DEXs,value_locked,100.0,90,0,0,0,0,
2026-10-01,uniswap,Uniswap,DEXs,dex_volume,67.8,90,0,0,0,29,
2026-10-01,uniswap-v2,Uniswap V2,DEXs,fees,95.6,90,4,0,0,0,
2026-10-01,uniswap-v2,Uniswap V2,DEXs,revenue_to_holders,95.6,90,4,0,0,0,
2026-10-01,uniswap-v2,Uniswap V2,DEXs,revenue,95.6,90,4,0,0,0,
2026-10-01,uniswap-v2,Uniswap V2,DEXs,value_locked,100.0,90,0,0,0,0,
2026-10-01,uniswap-v2,Uniswap V2,DEXs,dex_volume,100.0,90,0,0,0,0,
2026-10-01,uniswap-v4,Uniswap V4,DEXs,fees,45.6,90,1,0,0,48,
2026-10-01,uniswap-v4,Uniswap V4,DEXs,revenue_to_holders,98.9,90,1,0,0,0,
2026-10-01,uniswap-v4,Uniswap V4,DEXs,revenue,98.9,90,1,0,0,0,
2026-10-01,uniswap-v4,Uniswap V4,DEXs,value_locked,100.0,90,0,0,0,0,
2026-10-01,uniswap-v4,Uniswap V4,DEXs,dex_volume,81.1,90,0,0,0,17,
2026-10-01,unit,Unit,Liquidity bridges,fees,98.9,90,1,0,0,0,
2026-10-01,unit,Unit,Liquidity bridges,revenue_to_holders,98.9,90,1,0,0,0,
2026-10-01,unit,Unit,Liquidity bridges,revenue,98.9,90,1,0,0,0,
2026-10-01,unit,Unit,Liquidity bridges,value_locked,100.0,90,0,0,0,0,
2026-10-01,upshift,Upshift,Onchain Capital Allocator,fees,98.9,90,1,0,0,0,
2026-10-01,upshift,Upshift,Onchain Capital Allocator,revenue,98.9,90,1,0,0,0,
2026-10-01,upshift,Upshift,Onchain Capital Allocator,value_locked,100.0,90,0,0,0,0,
2026-10-01,usd-ai,USD AI,RWA private credit,fees,96.7,90,3,0,0,0,
2026-10-01,usd-ai,USD AI,RWA private credit,revenue_to_holders,96.7,90,3,0,0,0,
2026-10-01,usd-ai,USD AI,RWA private credit,revenue,96.7,90,3,0,0,0,
2026-10-01,usd-ai,USD AI,RWA private credit,value_locked,100.0,90,0,0,0,0,
2026-10-01,usdd,USDD,CDP,fees,98.9,90,1,0,0,0,
2026-10-01,usdd,USDD,CDP,revenue,98.9,90,1,0,0,0,
2026-10-01,usdd,USDD,CDP,value_locked,100.0,90,0,0,0,0,
2026-10-01,usdt0,USDT0,Liquidity bridges,value_locked,100.0,90,0,0,0,0,
2026-10-01,use,USE,Algo-Stables,value_locked,100.0,90,0,0,0,0,
2026-10-01,usual-usd0,Usual USD0,RWA tokenized treasuries,fees,96.7,90,1,2,0,0,2026-08-06:8.07; 2026-09-08:7.43
2026-10-01,usual-usd0,Usual USD0,RWA tokenized treasuries,revenue_to_holders,92.2,90,1,6,0,0,2026-07-18:53.33; 2026-08-02:5.25; 2026-08-09:201.15; 2026-08-20:191.13; 2026-09-16:15.72; 2026-09-18:12.14
2026-10-01,usual-usd0,Usual USD0,RWA tokenized treasuries,revenue,96.7,90,1,2,0,0,2026-08-06:8.52; 2026-09-08:7.71
2026-10-01,usual-usd0,Usual USD0,RWA tokenized treasuries,value_locked,100.0,90,0,0,0,0,
2026-10-01,valos,Valos,RWA other,value_locked,100.0,70,0,0,0,0,
2026-10-01,vechain,VeChain,Chains,stablecoin_supply,98.9,90,1,0,0,0,
2026-10-01,vechain,VeChain,Chains,value_locked,96.7,90,0,0,1,2,2026-07-13:0.25
2026-10-01,veda,Veda,Onchain Capital Allocator,fees,98.9,90,1,0,0,0,
2026-10-01,veda,Veda,Onchain Capital Allocator,revenue,98.9,90,1,0,0,0,
2026-10-01,veda,Veda,Onchain Capital Allocator,value_locked,100.0,90,0,0,0,0,
2026-10-01,venus-core-pool,Venus Core Pool,Lending,fees,96.7,90,1,1,0,1,2026-08-20:5.48
2026-10-01,venus-core-pool,Venus Core Pool,Lending,revenue_to_holders,96.7,90,1,1,0,1,2026-08-20:11.39
2026-10-01,venus-core-pool,Venus Core Pool,Lending,revenue,96.7,90,1,1,0,1,2026-07-12:6.31
2026-10-01,venus-core-pool,Venus Core Pool,Lending,value_locked,100.0,90,0,0,0,0,
2026-10-01,veranta,Veranta,Derivatives,fees,97.8,90,1,1,0,0,2026-08-19:9.36
2026-10-01,veranta,Veranta,Derivatives,revenue,98.9,90,1,0,0,0,
2026-10-01,veranta,Veranta,Derivatives,value_locked,100.0,90,0,0,0,0,
2026-10-01,wbtc,WBTC,Liquidity bridges,fees,98.9,90,1,0,0,0,
2026-10-01,wbtc,WBTC,Liquidity bridges,revenue,98.9,90,1,0,0,0,
2026-10-01,wbtc,WBTC,Liquidity bridges,value_locked,100.0,90,0,0,0,0,
2026-10-01,wisdomtree,WisdomTree,RWA tokenized treasuries,fees,91.1,90,8,0,0,0,
2026-10-01,wisdomtree,WisdomTree,RWA tokenized treasuries,revenue,91.1,90,8,0,0,0,
2026-10-01,wisdomtree,WisdomTree,RWA tokenized treasuries,value_locked,82.2,90,16,0,0,0,
2026-10-01,world,world,Prediction Market,value_locked,96.7,90,2,0,1,0,2026-07-20:0.43
2026-10-01,world-chain,World Chain,Canonical Bridge,fees,98.9,90,1,0,0,0,
2026-10-01,world-chain,World Chain,Canonical Bridge,value_locked,100.0,90,0,0,0,0,
2026-10-01,worldcoin-wld,Worldcoin,Chains,fees,100.0,90,0,0,0,0,
2026-10-01,worldcoin-wld,Worldcoin,Chains,stablecoin_supply,100.0,90,0,0,0,0,
2026-10-01,worldcoin-wld,Worldcoin,Chains,value_locked,97.8,90,0,0,0,2,
2026-10-01,xdai-stake-bridge,xDAI Stake Bridge,Canonical Bridge,value_locked,100.0,90,0,0,0,0,
2026-10-01,xstocks,xStocks,RWA other,value_locked,76.7,90,21,0,0,0,
2026-10-01,xusd-money,XUSD Money,Algo-Stables,value_locked,100.0,90,0,0,0,0,
2026-10-01,yearn-finance,Yearn Finance,Yield Aggregator,fees,98.9,90,1,0,0,0,
2026-10-01,yearn-finance,Yearn Finance,Yield Aggregator,revenue_to_holders,98.9,90,1,0,0,0,
2026-10-01,yearn-finance,Yearn Finance,Yield Aggregator,revenue,98.9,90,1,0,0,0,
2026-10-01,yearn-finance,Yearn Finance,Yield Aggregator,value_locked,100.0,90,0,0,0,0,
2026-10-01,yield-basis,Yield Basis,Leveraged Farming,fees,97.8,90,1,1,0,0,2026-08-25:12.33
2026-10-01,yield-basis,Yield Basis,Leveraged Farming,revenue_to_holders,98.9,90,1,0,0,0,
2026-10-01,yield-basis,Yield Basis,Leveraged Farming,revenue,98.9,90,1,0,0,0,
2026-10-01,yield-basis,Yield Basis,Leveraged Farming,value_locked,100.0,90,0,0,0,0,
2026-10-01,zcash,Zcash,Chains,fees,100.0,90,0,0,0,0,
2026-10-01,zcash,Zcash,Chains,value_locked,98.9,90,0,0,0,1,
2026-10-01,zethr,Zethr,Prediction Market,value_locked,100.0,90,0,0,0,0,
2026-10-01,zksync-era,zkSync Era,Chains,stablecoin_supply,97.8,90,2,0,0,0,
2026-10-01,zksync-era,zkSync Era,Chains,transactions,98.9,90,1,0,0,0,
2026-10-01,zksync-era-txbridge,zkSync Era txBridge,Canonical Bridge,value_locked,100.0,90,0,0,0,0,
