date,protocol_id,protocol,sector,fees_through,fees_30d_usd,recurring_usd,one_off_usd,recurring_share,one_off_days,paid_in_lumps
2026-10-04,pump-fun,Pump.fun,Launchpad,2026-10-03,172674192,172674192,0,1.0,,0
2026-10-04,pons,Pons,Launchpad,2026-10-03,123966476,103497647,20468829,0.8349,2026-09-04; 2026-09-05,0
2026-10-04,uniswap-v4,Uniswap V4,DEXs,2026-10-03,120797786,107082491,13715295,0.8865,2026-09-04,0
2026-10-04,pumpswap,PumpSwap,DEXs,2026-10-03,110383703,110383703,0,1.0,,0
2026-10-04,hyperliquid,Hyperliquid,Liquidity bridges,2026-10-03,70153167,70153167,0,1.0,,0
2026-10-04,uniswap,Uniswap,DEXs,2026-10-03,57696851,57696851,0,1.0,,0
2026-10-04,lido,Lido,Liquid Staking,2026-10-03,51622224,51622224,0,1.0,,0
2026-10-04,raydium,Raydium,DEXs,2026-10-03,45827948,45827948,0,1.0,,0
2026-10-04,aave,Aave,Lending,2026-10-03,36241773,36241773,0,1.0,,0
2026-10-04,raydium-amm,Raydium AMM,DEXs,2026-10-03,35045559,35045559,0,1.0,,0
2026-10-04,meteora,Meteora,DEXs,2026-10-03,33225871,33225871,0,1.0,,0
2026-10-04,polymarket-international,Polymarket International,Prediction Market,2026-10-03,31720475,31720475,0,1.0,,0
2026-10-04,sky-lending,Sky Lending,CDP,2026-10-03,26875960,26875960,0,1.0,,0
2026-10-04,meteora-dlmm,Meteora DLMM,DEXs,2026-10-03,26605621,26605621,0,1.0,,0
2026-10-04,solana,Solana,Chains,2026-10-03,25987377,25987377,0,1.0,,0
2026-10-04,tron,TRON,Chains,2026-10-03,23651179,23651179,0,1.0,,0
2026-10-04,robinhood-chain,,Chains,2026-10-03,23375538,5600245,17775293,0.2396,2026-09-04; 2026-09-05; 2026-09-06; 2026-09-07; 2026-09-08; 2026-09-09; 2026-09-10; 2026-09-11,0
2026-10-04,pancakeswap-token,PancakeSwap,DEXs,2026-10-03,22705903,19314856,3391047,0.8507,2026-09-08,0
2026-10-04,binancecoin,BNB,Chains,2026-10-03,22238970,22238970,0,1.0,,0
2026-10-04,morpho,Morpho,Lending,2026-10-03,19979464,19979464,0,1.0,,0
2026-10-04,morpho-blue,Morpho Blue,Lending,2026-10-03,19956961,19956961,0,1.0,,0
2026-10-04,binance-staked-eth,Binance staked ETH,Liquid Staking,2026-10-03,19635071,19635071,0,1.0,,0
2026-10-04,ethena,Ethena,Basis Trading,2026-10-03,19532666,1326,19531340,0.0001,2026-09-04; 2026-09-10; 2026-09-11; 2026-09-15; 2026-09-16; 2026-09-17; 2026-09-18; 2026-09-19; 2026-09-21; 2026-09-24; 2026-09-28; 2026-09-29; 2026-10-01,1
2026-10-04,ethena-usde,Ethena USDe,Basis Trading,2026-10-03,19532666,1326,19531340,0.0001,2026-09-04; 2026-09-10; 2026-09-11; 2026-09-15; 2026-09-16; 2026-09-17; 2026-09-18; 2026-09-19; 2026-09-21; 2026-09-24; 2026-09-28; 2026-09-29; 2026-10-01,1
2026-10-04,aerodrome-finance,Aerodrome Finance,DEXs,2026-10-03,19027392,10843374,8184018,0.5699,2026-09-09,0
2026-10-04,jupiter-exchange-solana,Jupiter,DEX Aggregator,2026-10-03,18225779,18225779,0,1.0,,0
2026-10-04,aerodrome-slipstream,Aerodrome Slipstream,DEXs,2026-10-03,17040255,8964551,8075704,0.5261,2026-09-09,0
2026-10-04,ethereum,Ethereum,Chains,2026-10-03,16421502,13606076,2815426,0.8286,2026-09-24; 2026-09-28,0
2026-10-04,pancakeswap-amm-v3,PancakeSwap AMM V3,DEXs,2026-10-03,16270331,14060191,2210140,0.8642,2026-09-08,0
2026-10-04,spark-liquidity-layer,Spark Liquidity Layer,Onchain Capital Allocator,2026-10-03,11229016,11229016,0,1.0,,0
2026-10-04,orca-dex,Orca DEX,DEXs,2026-10-03,10948447,10948447,0,1.0,,0
2026-10-04,jito-governance-token,Jito,Liquid Staking,2026-10-03,10156975,10156975,0,1.0,,0
2026-10-04,maple,Maple,Lending,2026-10-03,9737476,4157266,5580210,0.4269,2026-09-08; 2026-09-14; 2026-09-25; 2026-09-30,0
2026-10-04,syrup,Maple Finance,Lending,2026-10-03,9737476,4157266,5580210,0.4269,2026-09-08; 2026-09-14; 2026-09-25; 2026-09-30,0
2026-10-04,jupiter-perpetual-exchange,Jupiter Perpetual Exchange,Derivatives,2026-10-03,8006157,8006157,0,1.0,,0
2026-10-04,steakhouse-financial,Steakhouse Financial,Risk Curators,2026-10-03,7792431,7792431,0,1.0,,0
2026-10-04,sanctum-validator-lsts,Sanctum Validator LSTs,Liquid Staking,2026-10-03,7465964,7465964,0,1.0,,0
2026-10-04,bitcoin,Bitcoin,Chains,2026-10-03,7298332,7298332,0,1.0,,0
2026-10-04,near-intents,NEAR Intents,Liquidity bridges,2026-10-03,7277864,7277864,0,1.0,,0
2026-10-04,sparklend,SparkLend,Lending,2026-10-03,6417894,6417894,0,1.0,,0
2026-10-04,sentora-curator,Sentora Curator,Risk Curators,2026-10-03,6015054,6015054,0,1.0,,0
2026-10-04,predict-fun,Predict Fun,Prediction Market,2026-10-03,5920514,5920514,0,1.0,,0
2026-10-04,lighter,Lighter,Liquidity bridges,2026-10-03,5224198,5224198,0,1.0,,0
2026-10-04,gmx,,Derivatives,2026-10-03,4823202,4358637,464565,0.9037,2026-09-28,0
2026-10-04,veda,Veda,Onchain Capital Allocator,2026-10-03,4591509,4591509,0,1.0,,0
2026-10-04,spiko,Spiko,RWA tokenized treasuries,2026-10-03,4515403,3610929,904474,0.7997,2026-09-25; 2026-10-02,0
2026-10-04,binance-staked-sol,Binance Staked SOL,Liquid Staking,2026-10-03,4475252,4475252,0,1.0,,0
2026-10-04,chainlink,Chainlink,Messaging bridges,2026-10-03,4452273,121970,4330303,0.0274,2026-09-10; 2026-09-17; 2026-09-24; 2026-10-01,1
2026-10-04,uniswap-v2,Uniswap V2,DEXs,2026-10-03,4443188,4000343,442845,0.9003,2026-09-13,0
2026-10-04,jito-liquid-staking,Jito Liquid Staking,Liquid Staking,2026-10-03,4262933,4262933,0,1.0,,0
2026-10-04,wisdomtree,WisdomTree,RWA tokenized treasuries,2026-10-03,4010376,4010376,0,1.0,,0
2026-10-04,jupiter-lend,Jupiter Lend,Lending,2026-10-03,3999664,3999664,0,1.0,,0
2026-10-04,edgex,edgeX,Liquidity bridges,2026-10-03,3956981,3956981,0,1.0,,0
2026-10-04,instadapp,Fluid,Lending,2026-10-03,3770270,3770270,0,1.0,,0
2026-10-04,curve-dao-token,Curve DAO,DEXs,2026-10-03,3699868,2752984,946884,0.7441,2026-09-23; 2026-09-29; 2026-09-30,0
2026-10-04,gmtrade,,cerchio 2,2026-10-03,3661593,2843907,817686,0.7767,2026-09-28; 2026-10-02,0
2026-10-04,gmx-solana,GMX Solana,Derivatives,2026-10-03,3661593,2843907,817686,0.7767,2026-09-28; 2026-10-02,0
2026-10-04,gauntlet,Gauntlet,Risk Curators,2026-10-03,3637812,3637812,0,1.0,,0
2026-10-04,pacifica-perps,Pacifica Perps,Derivatives,2026-10-03,3584160,3584160,0,1.0,,0
2026-10-04,centrifuge-protocol,Centrifuge Protocol,RWA private credit,2026-10-03,3439173,1626424,1812749,0.4729,2026-09-08; 2026-09-14; 2026-09-21; 2026-09-28,0
2026-10-04,curve-dex,Curve DEX,DEXs,2026-10-03,3423319,2271344,1151975,0.6635,2026-09-11; 2026-09-23; 2026-09-29; 2026-09-30,0
2026-10-04,grove-finance,Grove Finance,Onchain Capital Allocator,2026-10-03,3024744,1761791,1262953,0.5825,2026-09-08; 2026-09-14; 2026-09-21,0
2026-10-04,rocket-pool,Rocket Pool,Liquid Staking,2026-10-03,2892824,1755408,1137416,0.6068,2026-09-09; 2026-09-13; 2026-09-21; 2026-09-29,0
2026-10-04,hastra,Hastra,RWA other,2026-10-03,2820736,2820736,0,1.0,,0
2026-10-04,onre,OnRe,RWA private credit,2026-10-03,2665034,2665034,0,1.0,,0
2026-10-04,etherfi-cash-liquid,EtherFi Cash Liquid,Crypto Card Issuer,2026-10-03,2649181,2442811,206370,0.9221,2026-09-04,0
2026-10-04,azverse-perps,AZverse Perps,Derivatives,2026-10-03,2611208,2611208,0,1.0,,0
2026-10-04,huma,Huma,RWA other,2026-10-03,2603692,2603692,0,1.0,,0
2026-10-04,huma-finance-v2,Huma Finance V2,cerchio 2,2026-10-03,2603692,2603692,0,1.0,,0
2026-10-04,hyperliquid-spot-orderbook,Hyperliquid Spot Orderbook,DEXs,2026-10-03,2496689,2496689,0,1.0,,0
2026-10-04,coinbase-wrapped-staked-eth,Coinbase Wrapped Staked ETH,Liquid Staking,2026-10-03,2493433,2493433,0,1.0,,0
2026-10-04,compound-governance-token,Compound,Lending,2026-10-03,2476688,2476688,0,1.0,,0
2026-10-04,solvbtc,SolvBTC,Liquidity bridges,2026-10-03,2475949,2475949,0,1.0,,0
2026-10-04,compound-v3,Compound V3,Lending,2026-10-03,2388250,2388250,0,1.0,,0
2026-10-04,convex-finance,Convex Finance,Yield,2026-10-03,2355793,1626199,729594,0.6903,2026-09-16; 2026-09-30,0
2026-10-04,polygon-ecosystem-token,POL (ex-MATIC),Chains,2026-10-03,2262973,2262973,0,1.0,,0
2026-10-04,kelp,Kelp,Liquid Restaking,2026-10-03,2246704,1329932,916772,0.5919,2026-09-07; 2026-09-10; 2026-09-14; 2026-09-21; 2026-09-28,0
2026-10-04,tonstakers-lsd,Tonstakers LSD,Liquid Staking,2026-10-03,2175165,2175165,0,1.0,,0
2026-10-04,jupiter-staked-sol,Jupiter Staked SOL,Liquid Staking,2026-10-03,2127581,2127581,0,1.0,,0
2026-10-04,upshift,Upshift,Onchain Capital Allocator,2026-10-03,2073433,1868057,205376,0.9009,2026-09-21,0
2026-10-04,concrete,Concrete,Onchain Capital Allocator,2026-10-03,2070998,2070998,0,1.0,,0
2026-10-04,saturn,Saturn,Stablecoin Wrapper,2026-10-03,1994239,-164199,2158438,-0.0823,2026-09-11; 2026-09-14; 2026-09-17; 2026-09-18; 2026-09-28,0
2026-10-04,aerodrome-v1,Aerodrome V1,DEXs,2026-10-03,1975590,1453040,522550,0.7355,2026-09-16; 2026-09-23; 2026-09-30,0
2026-10-04,marinade-native,Marinade Native,Staking Pool,2026-10-03,1949488,1949488,0,1.0,,0
2026-10-04,midas-rwa,Midas RWA,RWA tokenized treasuries,2026-10-03,1916671,960389,956282,0.5011,2026-09-09; 2026-09-23,0
2026-10-04,lighter-robinhood-perps,Lighter Robinhood Perps,Derivatives,2026-10-03,1916209,1916209,0,1.0,,0
2026-10-04,kinetiq-khype,Kinetiq kHYPE,Liquid Staking,2026-10-03,1886894,1886894,0,1.0,,0
2026-10-04,lombard-lbtc,Lombard LBTC,Restaked BTC,2026-10-03,1788978,860400,928578,0.4809,2026-09-05; 2026-09-16; 2026-09-24; 2026-09-29,0
2026-10-04,euler-v2,Euler V2,Lending,2026-10-03,1754854,1754854,0,1.0,,0
2026-10-04,trust-wallet-token,Trust Wallet,Wallets,2026-10-03,1746251,1746251,0,1.0,,0
2026-10-04,invesco-ustb,Invesco USTB,RWA tokenized treasuries,2026-10-03,1716834,1716834,0,1.0,,0
2026-10-04,liquid-collective,Liquid Collective,Liquid Staking,2026-10-03,1690938,1690938,0,1.0,,0
2026-10-04,re,Re,RWA private credit,2026-10-03,1657992,1657992,0,1.0,,0
2026-10-04,sosovalue-indexes,SoSoValue Indexes,Indexes,2026-10-03,1593280,1593280,0,1.0,,0
2026-10-04,venus-core-pool,Venus Core Pool,Lending,2026-10-03,1540478,1163292,377186,0.7552,2026-09-30; 2026-10-01,0
2026-10-04,just,JUST,Lending,2026-10-03,1537749,1537749,0,1.0,,0
2026-10-04,justlend-v1,JustLend V1,Lending,2026-10-03,1537749,1537749,0,1.0,,0
2026-10-04,predictstreet,PredictStreet,Prediction Market,2026-10-03,1507499,739376,768123,0.4905,2026-09-09; 2026-09-20; 2026-09-21; 2026-09-22; 2026-09-28; 2026-09-30,0
2026-10-04,meth-protocol,mETH Protocol,Liquid Staking,2026-10-03,1268082,1268082,0,1.0,,0
2026-10-04,dolomite,Dolomite,Lending,2026-10-03,1243410,1243410,0,1.0,,0
2026-10-04,tether-gold,Tether Gold,RWA other,2026-10-03,1235439,0,1235439,0.0,2026-09-28,0
2026-10-04,drift-staked-sol,Drift Staked SOL,Liquid Staking,2026-10-03,1216156,1216156,0,1.0,,0
2026-10-04,marinade-liquid-staking,Marinade Liquid Staking,Liquid Staking,2026-10-03,1215970,1215970,0,1.0,,0
2026-10-04,hyperlend-pooled,HyperLend Pooled,Lending,2026-10-03,1203018,763887,439131,0.635,2026-09-20; 2026-09-21; 2026-09-22; 2026-09-23,0
2026-10-04,gmx-v2-perps,GMX V2 Perps,Derivatives,2026-10-03,1161609,1161609,0,1.0,,0
2026-10-04,benqi-staked-avax,Benqi Staked Avax,Liquid Staking,2026-10-03,946535,673876,272659,0.7119,2026-09-14; 2026-09-29,0
2026-10-04,marinade-select,Marinade Select,Staking Pool,2026-10-03,945609,945609,0,1.0,,0
2026-10-04,plume-vaults,Plume Vaults,RWA other,2026-10-03,921716,921716,0,1.0,,0
2026-10-04,quickswap-dex,Quickswap Dex,DEXs,2026-10-03,885536,885536,0,1.0,,0
2026-10-04,k3-capital,K3 Capital,Risk Curators,2026-10-03,867376,867376,0,1.0,,0
2026-10-04,gains-network,Gains Network,Derivatives,2026-10-03,866066,656119,209947,0.7576,2026-09-24; 2026-09-28,0
2026-10-04,stakewise-v3,StakeWise V3,Liquid Staking,2026-10-03,852361,852361,0,1.0,,0
2026-10-04,forward-industries-sol,Forward Industries SOL,Liquid Staking,2026-10-03,845984,845984,0,1.0,,0
2026-10-04,sun-token,Sun Token,DEXs,2026-10-03,812399,812399,0,1.0,,0
2026-10-04,arcus-perps,Arcus Perps,Derivatives,2026-10-03,795349,352642,442707,0.4434,2026-09-27; 2026-09-28; 2026-09-29; 2026-09-30; 2026-10-01; 2026-10-02,0
2026-10-04,aave-v4,Aave V4,Lending,2026-10-03,751527,751527,0,1.0,,0
2026-10-04,lista-liquid-staking,Lista Liquid Staking,Liquid Staking,2026-10-03,750611,750611,0,1.0,,0
2026-10-04,avant-avusd,Avant avUSD,Onchain Capital Allocator,2026-10-03,746407,746407,0,1.0,,0
2026-10-04,rockawayx,RockawayX,Risk Curators,2026-10-03,744547,744547,0,1.0,,0
2026-10-04,sanctum-infinity,Sanctum Infinity,DEXs,2026-10-03,717476,0,717476,0.0,2026-09-25; 2026-09-26; 2026-09-27; 2026-09-28; 2026-09-30; 2026-10-01; 2026-10-02,1
2026-10-04,fx-protocol,fx Protocol,Dual-Token Stablecoin,2026-10-03,692290,156957,535333,0.2267,2026-09-04; 2026-09-08; 2026-09-15; 2026-09-18; 2026-09-21; 2026-09-23; 2026-09-26; 2026-09-30; 2026-10-03,0
2026-10-04,arbitrum,Arbitrum,Chains,2026-10-03,637312,581840,55472,0.913,2026-09-24,0
2026-10-04,yearn-finance,Yearn Finance,Yield Aggregator,2026-10-03,636743,636743,0,1.0,,0
2026-10-04,bitwise-uscc,Bitwise USCC,Basis Trading,2026-10-03,620731,52827,567904,0.0851,2026-09-08; 2026-09-09; 2026-09-10; 2026-09-16; 2026-09-17; 2026-09-22; 2026-09-24; 2026-09-25; 2026-09-28; 2026-09-29; 2026-09-30; 2026-10-01,0
2026-10-04,cian-yield-layer,CIAN Yield Layer,Yield Aggregator,2026-10-03,593138,593138,0,1.0,,0
2026-10-04,jpool,JPool,Liquid Staking,2026-10-03,553893,553893,0,1.0,,0
2026-10-04,pendle,Pendle,Yield,2026-10-03,553683,303659,250024,0.5484,2026-09-07; 2026-09-21,0
2026-10-04,the-vault-liquid-staking,The Vault Liquid Staking,Liquid Staking,2026-10-03,548136,548136,0,1.0,,0
2026-10-04,hyperliquid-hlp,Hyperliquid HLP,Vault,2026-10-03,547059,547059,0,1.0,,0
2026-10-04,sushi,,DEXs,2026-10-03,541893,541893,0,1.0,,0
2026-10-04,armitage-by-wintermute,Armitage by Wintermute,Risk Curators,2026-10-03,539544,539544,0,1.0,,0
2026-10-04,sunswap-v3,SUNSwap V3,DEXs,2026-10-03,526504,526504,0,1.0,,0
2026-10-04,cap,cap,Lending,2026-10-03,521171,453754,67417,0.8706,2026-10-02,0
2026-10-04,pendle-v2,Pendle V2,Yield,2026-10-03,519957,272937,247020,0.5249,2026-09-07; 2026-09-21,0
2026-10-04,m0,M0,Stablecoin Issuer,2026-10-03,518040,518040,0,1.0,,0
2026-10-04,bybit-staked-sol,Bybit Staked SOL,Liquid Staking,2026-10-03,517945,517945,0,1.0,,0
2026-10-04,phantom-sol,Phantom SOL,Liquid Staking,2026-10-03,516276,6770,509506,0.0131,2026-09-15; 2026-09-16; 2026-09-18; 2026-09-19; 2026-09-20; 2026-09-22; 2026-09-23; 2026-09-24; 2026-09-26; 2026-09-27; 2026-09-28; 2026-09-30; 2026-10-01; 2026-10-02,1
2026-10-04,decibel,Decibel,Derivatives,2026-10-03,514569,514569,0,1.0,,0
2026-10-04,tornado-cash,Tornado Cash,Privacy,2026-10-03,503335,455655,47680,0.9053,2026-09-22,0
2026-10-04,exponent-yield-exchange,Exponent Yield Exchange,Yield,2026-10-03,502070,24237,477833,0.0483,2026-09-04; 2026-09-11; 2026-09-17; 2026-09-22; 2026-09-24; 2026-09-25; 2026-09-28; 2026-10-02,1
2026-10-04,unit,Unit,Liquidity bridges,2026-10-03,493855,373811,120044,0.7569,2026-09-18; 2026-09-21,0
2026-10-04,stader,Stader,Liquid Staking,2026-10-03,464302,165984,298318,0.3575,2026-09-07; 2026-09-15; 2026-09-16; 2026-09-23; 2026-09-24; 2026-09-25; 2026-09-30; 2026-10-01; 2026-10-03,0
2026-10-04,phase-delegation,Phase Delegation,Liquid Staking,2026-10-03,442776,442776,0,1.0,,0
2026-10-04,symbiotic,Symbiotic,Collateral Markets,2026-10-03,423264,59056,364208,0.1395,2026-09-11; 2026-09-12; 2026-09-19; 2026-09-21; 2026-10-02,1
2026-10-04,aera-v3,Aera V3,Onchain Capital Allocator,2026-10-03,422407,237939,184468,0.5633,2026-09-04; 2026-09-05; 2026-09-06; 2026-09-07,0
2026-10-04,sthype,stHYPE,Liquid Staking,2026-10-03,410105,410105,0,1.0,,0
2026-10-04,helius-staked-sol,Helius Staked SOL,Liquid Staking,2026-10-03,404851,404851,0,1.0,,0
2026-10-04,clearstar,Clearstar,Risk Curators,2026-10-03,396276,396276,0,1.0,,0
2026-10-04,curvance,Curvance,Lending,2026-10-03,395740,395740,0,1.0,,0
2026-10-04,navi-lending,NAVI Lending,Lending,2026-10-03,394293,394293,0,1.0,,0
2026-10-04,railgun,Railgun,Privacy,2026-10-03,390529,329775,60754,0.8444,2026-09-29,0
2026-10-04,apex-omni,Apex Omni,Derivatives,2026-10-03,389098,389098,0,1.0,,0
2026-10-04,avalanche-2,Avalanche,Chains,2026-10-03,374985,278778,96207,0.7434,2026-09-24; 2026-09-29,0
2026-10-04,hyperithm,Hyperithm,Risk Curators,2026-10-03,368636,368636,0,1.0,,0
2026-10-04,veranta,Veranta,Derivatives,2026-10-03,332063,282915,49148,0.852,2026-09-28,0
2026-10-04,usual-usd0,Usual USD0,RWA tokenized treasuries,2026-10-03,329318,200620,128698,0.6092,2026-09-08; 2026-09-14; 2026-09-16; 2026-09-18,0
2026-10-04,blend-pools-v2,Blend Pools V2,Lending,2026-10-03,328571,328571,0,1.0,,0
2026-10-04,frax-usd,Frax USD,RWA tokenized treasuries,2026-10-03,319591,319591,0,1.0,,0
2026-10-04,suilend,Suilend,Lending,2026-10-03,316240,285823,30417,0.9038,2026-09-25,0
2026-10-04,lista-lending,Lista Lending,Lending,2026-10-03,314092,314092,0,1.0,,0
2026-10-04,ssv-network,SSV Network,Staking Pool,2026-10-03,311931,311931,0,1.0,,0
2026-10-04,layerzero,LayerZero,Liquidity bridges,2026-10-03,293895,293895,0,1.0,,0
2026-10-04,layerzero-v2,LayerZero V2,Liquidity bridges,2026-10-03,291354,291354,0,1.0,,0
2026-10-04,fluid-dex,Fluid DEX,DEXs,2026-10-03,290167,290167,0,1.0,,0
2026-10-04,doublezero,DoubleZero,Liquid Staking,2026-10-03,285281,285281,0,1.0,,0
2026-10-04,overtime,Overtime,Prediction Market,2026-10-03,285184,-35723,320907,-0.1253,2026-09-05; 2026-09-12; 2026-09-13; 2026-09-15; 2026-09-25; 2026-09-26; 2026-09-27; 2026-10-02,0
2026-10-04,lista-cdp,Lista CDP,CDP,2026-10-03,282421,171406,111015,0.6069,2026-09-10,0
2026-10-04,stargate-v2,Stargate V2,Cross Chain Bridge,2026-10-03,277552,117689,159863,0.424,2026-09-04; 2026-09-05; 2026-09-07; 2026-09-08; 2026-09-10; 2026-09-16; 2026-09-30,0
2026-10-04,doppler-finance,Doppler Finance,CeDeFi,2026-10-03,272713,272713,0,1.0,,0
2026-10-04,dydx-chain,,Derivatives,2026-10-03,269941,247504,22437,0.9169,2026-09-21,0
2026-10-04,dydx-v4,dYdX V4,Derivatives,2026-10-03,254220,231783,22437,0.9117,2026-09-21,0
2026-10-04,tydro,Tydro,Lending,2026-10-03,248132,248132,0,1.0,,0
2026-10-04,falcon-finance,Falcon USD,Basis Trading,2026-10-03,247577,247577,0,1.0,,0
2026-10-04,frax-ether,Frax Ether,Liquid Staking,2026-10-03,243412,0,243412,0.0,2026-09-10; 2026-09-17; 2026-09-24; 2026-10-01,1
2026-10-04,renzo,Renzo,Liquid Restaking,2026-10-03,224118,157790,66328,0.704,2026-09-17; 2026-09-24,0
2026-10-04,starknet,Starknet,Chains,2026-10-03,223488,223488,0,1.0,,0
2026-10-04,sky-money,Sky Money,Risk Curators,2026-10-03,218645,218645,0,1.0,,0
2026-10-04,injective-protocol,Injective,Chains,2026-10-03,218564,218564,0,1.0,,0
2026-10-04,usdd,USDD,CDP,2026-10-03,209611,209611,0,1.0,,0
2026-10-04,sunswap-v2,SUNSwap V2,DEXs,2026-10-03,207619,189426,18193,0.9124,2026-09-15,0
2026-10-04,crvusd,crvUSD,CDP,2026-10-03,202317,0,202317,0.0,2026-09-07; 2026-09-09; 2026-09-10; 2026-09-14; 2026-09-16; 2026-09-17; 2026-09-21; 2026-09-23; 2026-09-24; 2026-09-28; 2026-09-30; 2026-10-01,1
2026-10-04,internet-computer,Internet Computer,Chains,2026-10-03,190749,190749,0,1.0,,0
2026-10-04,derive-v2,Derive V2,Derivatives,2026-10-03,190485,173292,17193,0.9097,2026-09-21,0
2026-10-04,limitless-exchange,Limitless Exchange,Prediction Market,2026-10-03,186844,158970,27874,0.8508,2026-09-11; 2026-09-29,0
2026-10-04,sui,Sui,Chains,2026-10-03,185690,185690,0,1.0,,0
2026-10-04,rhea-lend,Rhea Lend,Lending,2026-10-03,183517,183517,0,1.0,,0
2026-10-04,eigencloud,EigenCloud,Restaking,2026-10-03,178009,13240,164769,0.0744,2026-09-04; 2026-09-08; 2026-09-11; 2026-09-15; 2026-09-17; 2026-09-18; 2026-09-22; 2026-09-23; 2026-09-27; 2026-09-29; 2026-09-30; 2026-10-01,1
2026-10-04,kpk,KPK,Risk Curators,2026-10-03,165180,165180,0,1.0,,0
2026-10-04,meta-2-2,MetaDAO,DEXs,2026-10-03,162247,146874,15373,0.9052,2026-09-21,0
2026-10-04,stusdt,stUSDT,RWA tokenized treasuries,2026-10-03,158423,158423,0,1.0,,0
2026-10-04,aave-v2,Aave V2,Lending,2026-10-03,157569,157569,0,1.0,,0
2026-10-04,benqi-lending,Benqi Lending,Lending,2026-10-03,155314,155314,0,1.0,,0
2026-10-04,defi-saver-asset-management,Defi Saver Asset Management,CDP Manager,2026-10-03,144607,64097,80510,0.4432,2026-09-11; 2026-09-15; 2026-09-17; 2026-09-18; 2026-09-21,0
2026-10-04,zcash,Zcash,Chains,2026-10-03,143408,117060,26348,0.8163,2026-09-19; 2026-09-23,0
2026-10-04,ether.fi-liquid,ether.fi Liquid,Onchain Capital Allocator,2026-10-03,135521,135521,0,1.0,,0
2026-10-04,near,NEAR Protocol,Chains,2026-10-03,132943,106710,26233,0.8027,2026-09-30; 2026-10-01,0
2026-10-04,fluid-lite,Fluid Lite,Yield Aggregator,2026-10-03,129722,129722,0,1.0,,0
2026-10-04,mantle-index-four-fund,Mantle Index Four Fund,RWA other,2026-10-03,129083,129083,0,1.0,,0
2026-10-04,sport.fun,Sport.fun,Prediction Market,2026-10-03,127028,115870,11158,0.9122,2026-09-15,0
2026-10-04,beefy,Beefy,Yield Aggregator,2026-10-03,126519,113554,12965,0.8975,2026-09-04,0
2026-10-04,aptos,Aptos,Chains,2026-10-03,119048,119048,0,1.0,,0
2026-10-04,nexus-mutual,Nexus Mutual,Insurance,2026-10-03,103758,17849,85909,0.172,2026-09-07; 2026-09-09; 2026-09-10; 2026-09-15; 2026-09-18; 2026-09-22; 2026-09-24; 2026-09-25; 2026-09-30; 2026-10-03,0
2026-10-04,stake-dao-yield,Stake DAO Yield,Yield,2026-10-03,92604,573,92031,0.0062,2026-09-04; 2026-09-05; 2026-09-10; 2026-09-11; 2026-09-14; 2026-09-17; 2026-09-18; 2026-09-24; 2026-09-25; 2026-10-01; 2026-10-02,1
2026-10-04,compound-v2,Compound V2,Lending,2026-10-03,88438,88438,0,1.0,,0
2026-10-04,lagoon,Lagoon,Onchain Capital Allocator,2026-10-03,85748,75705,10043,0.8829,2026-09-30,0
2026-10-04,optimism,Optimism,Chains,2026-10-03,85233,71550,13683,0.8395,2026-09-24,0
2026-10-04,filecoin,Filecoin,Chains,2026-10-03,76682,69107,7575,0.9012,2026-09-08,0
2026-10-04,sx-bet,SX Bet,Prediction Market,2026-10-03,70771,58465,12306,0.8261,2026-09-13; 2026-09-20,0
2026-10-04,b14g,b14g,Restaking,2026-10-03,70216,70216,0,1.0,,0
2026-10-04,the-open-network,Toncoin,Chains,2026-10-03,67886,67886,0,1.0,,0
2026-10-04,openeden-tbill,OpenEden TBILL,RWA tokenized treasuries,2026-10-03,66795,66795,0,1.0,,0
2026-10-04,bedrock-token,,Anchor BTC,2026-10-03,59268,2663,56605,0.0449,2026-09-05; 2026-09-08; 2026-09-16; 2026-09-24; 2026-10-01,1
2026-10-04,cardano,Cardano,Chains,2026-10-03,54662,54662,0,1.0,,0
2026-10-04,cooler-loans,Cooler Loans,Lending,2026-10-03,53674,53674,0,1.0,,0
2026-10-04,1inch,1INCH,DEX Aggregator,2026-10-03,53377,45460,7917,0.8517,2026-09-29,0
2026-10-04,stellar,Stellar,Chains,2026-10-03,46182,46182,0,1.0,,0
2026-10-04,solstice,Solstice,Basis Trading,2026-10-03,45159,45159,0,1.0,,0
2026-10-04,opinion,OPINION,Prediction Market,2026-10-03,42288,42288,0,1.0,,0
2026-10-04,ostium,Ostium,Derivatives,2026-10-03,37596,-1538,39134,-0.0409,2026-09-10; 2026-09-18; 2026-09-21; 2026-09-24; 2026-09-28,0
2026-10-04,obol,Obol,Staking Pool,2026-10-03,37409,-20370,57779,-0.5445,2026-09-04; 2026-09-08; 2026-09-16; 2026-09-18; 2026-09-22; 2026-09-26; 2026-09-28; 2026-10-03,0
2026-10-04,tbtc,tBTC,Decentralized BTC,2026-10-03,31080,9835,21245,0.3164,2026-09-05; 2026-09-06; 2026-09-07; 2026-09-11; 2026-09-23; 2026-09-24,0
2026-10-04,gtbtc,GTBTC,Restaked BTC,2026-10-03,30747,30747,0,1.0,,0
2026-10-04,telos-consilium,Telos Consilium,Risk Curators,2026-10-03,22405,22405,0,1.0,,0
2026-10-04,moonlander,Moonlander,Derivatives,2026-10-03,21561,13484,8077,0.6254,2026-09-28,0
2026-10-04,world-chain,World Chain,Canonical Bridge,2026-10-03,21147,21147,0,1.0,,0
2026-10-04,worldcoin-wld,Worldcoin,Chains,2026-10-03,21147,21147,0,1.0,,0
2026-10-04,hedera-hashgraph,Hedera,Chains,2026-10-03,19212,17175,2037,0.894,2026-09-28,0
2026-10-04,the-graph,The Graph,Developer Tools,2026-10-03,18159,3931,14228,0.2165,2026-09-05; 2026-09-09; 2026-09-13; 2026-09-15; 2026-09-21; 2026-09-25; 2026-09-26; 2026-09-29; 2026-09-30,0
2026-10-04,portal,Portal,Liquidity bridges,2026-10-03,17852,15835,2017,0.887,2026-09-18,0
2026-10-04,etherfi-borrowing-market,EtherFi Borrowing Market,Lending,2026-10-03,17570,17570,0,1.0,,0
2026-10-04,digift,DigiFT,RWA other,2026-10-03,16563,-398,16961,-0.024,2026-09-07; 2026-09-08; 2026-09-09; 2026-09-18; 2026-09-23; 2026-09-28; 2026-09-30; 2026-10-02,0
2026-10-04,thorchain,THORChain,Chains,2026-10-03,16394,12810,3584,0.7814,2026-09-27; 2026-09-28,0
2026-10-04,opentrade,OpenTrade,RWA other,2026-10-03,15661,14099,1562,0.9003,2026-09-07,0
2026-10-04,litecoin,Litecoin,Chains,2026-10-03,14633,14633,0,1.0,,0
2026-10-04,pinksale,PinkSale,Launchpad,2026-10-03,13285,624,12661,0.0469,2026-09-11; 2026-09-12; 2026-09-15; 2026-09-18; 2026-09-21; 2026-09-23; 2026-09-25; 2026-09-26; 2026-09-28; 2026-09-29; 2026-10-03,1
2026-10-04,mantle,Mantle,Chains,2026-10-03,12500,10727,1773,0.8582,2026-09-10,0
2026-10-04,figure-markets-exchange,Figure Markets Exchange,OTC Marketplace,2026-10-03,10688,5345,5343,0.5001,2026-09-10; 2026-09-11; 2026-09-15; 2026-09-22,0
2026-10-04,havven,Synthetix,Derivatives,2026-10-03,10057,6507,3550,0.647,2026-09-04; 2026-09-11; 2026-09-15; 2026-09-22,0
2026-10-04,frax,Legacy Frax Dollar,Algo-Stables,2026-10-03,9052,4,9048,0.0004,2026-09-07; 2026-09-08; 2026-09-09; 2026-09-10; 2026-09-12; 2026-09-13; 2026-09-14; 2026-09-16; 2026-09-18; 2026-09-19; 2026-09-20; 2026-09-27; 2026-09-30; 2026-10-01,1
2026-10-04,uncx-network-v2,UNCX Network V2,Token Locker,2026-10-03,5552,336,5216,0.0606,2026-09-04; 2026-09-09; 2026-09-11; 2026-09-12; 2026-09-14; 2026-09-16; 2026-09-17; 2026-09-22; 2026-09-24; 2026-09-26; 2026-09-28; 2026-10-01; 2026-10-02,1
2026-10-04,axelar,Axelar,Messaging bridges,2026-10-03,4365,3941,424,0.9029,2026-09-14,0
2026-10-04,tezos,Tezos,Chains,2026-10-03,4017,3315,702,0.8252,2026-09-04,0
2026-10-04,celestia,Celestia,Data availability,2026-10-03,2633,2633,0,1.0,,0
2026-10-04,sei-network,Sei,Chains,2026-10-03,2402,1323,1079,0.5507,2026-09-21; 2026-09-22; 2026-09-25; 2026-09-28,0
2026-10-04,bitcoin-cash,Bitcoin Cash,Chains,2026-10-03,2161,2161,0,1.0,,0
2026-10-04,cosmos,Cosmos Hub,Chains,2026-10-03,1932,1932,0,1.0,,0
2026-10-04,liquity-v1,Liquity V1,CDP,2026-10-03,1689,0,1689,-0.0,2026-09-06; 2026-09-08; 2026-09-09; 2026-09-10; 2026-09-11; 2026-09-13; 2026-09-25; 2026-10-03,1
2026-10-04,myriad-markets,Myriad Markets,Prediction Market,2026-10-03,1287,379,909,0.2941,2026-09-11; 2026-09-13; 2026-09-14; 2026-09-18; 2026-09-21; 2026-09-28; 2026-09-30,0
2026-10-04,contango-v2,Contango V2,Derivatives,2026-10-03,1122,102,1020,0.0909,2026-09-04; 2026-09-09; 2026-09-10; 2026-09-12; 2026-09-13; 2026-09-14; 2026-09-19; 2026-09-21; 2026-09-22; 2026-09-24; 2026-09-28,0
2026-10-04,ethereum-classic,Ethereum Classic,Chains,2026-10-03,947,947,0,1.0,,0
2026-10-04,rain,Rain,Prediction Market,2026-10-03,917,0,917,0.0,2026-09-10; 2026-09-11,0
2026-10-04,dash,Dash,Chains,2026-10-03,792,792,0,1.0,,0
2026-10-04,polkadot,Polkadot,Chains,2026-10-03,708,708,0,1.0,,0
2026-10-04,bitfi-basis,BitFi Basis,Basis Trading,2026-10-03,534,503,31,0.9415,2026-09-19,0
2026-10-04,algorand,Algorand,Chains,2026-10-03,484,484,0,1.0,,0
2026-10-04,mento-v2,Mento V2,Algo-Stables,2026-10-03,401,108,293,0.2703,2026-09-10; 2026-09-14; 2026-09-21; 2026-09-23; 2026-09-29; 2026-10-01; 2026-10-02,0
2026-10-04,bedrock-unibtc,Bedrock uniBTC,Anchor BTC,2026-10-03,396,0,396,0.0,2026-09-05; 2026-09-07; 2026-09-10; 2026-09-13; 2026-09-14; 2026-09-18; 2026-09-21; 2026-09-23; 2026-09-24; 2026-09-25; 2026-09-27; 2026-09-28; 2026-10-02; 2026-10-03,1
2026-10-04,ripple,XRP,Chains,2026-10-03,2,1,1,0.5882,2026-09-05; 2026-09-08; 2026-09-22; 2026-09-23,0
2026-10-04,frax-fpi,Frax FPI,Algo-Stables,2026-10-03,2,0,2,0.0,2026-09-15; 2026-10-02,0
2026-10-04,wbtc,WBTC,Liquidity bridges,2026-10-03,0,0,0,0.0,2026-10-02,0
