date,protocol_id,protocol,sector,fees_through,fees_30d_usd,recurring_usd,one_off_usd,recurring_share,one_off_days
2026-09-30,pump-fun,Pump.fun,Launchpad,2026-09-29,164776793,164776793,0,1.0,
2026-09-30,pons,Pons,Launchpad,2026-09-29,140273607,140273607,0,1.0,
2026-09-30,uniswap-v4,Uniswap V4,DEXs,2026-09-29,136524298,122809003,13715295,0.8995,2026-09-04
2026-09-30,pumpswap,PumpSwap,DEXs,2026-09-29,105930967,105930967,0,1.0,
2026-09-30,hyperliquid,Hyperliquid,Liquidity bridges,2026-09-29,73020868,73020868,0,1.0,
2026-09-30,uniswap,Uniswap,DEXs,2026-09-29,65445533,65445533,0,1.0,
2026-09-30,lido,Lido,Liquid Staking,2026-09-29,50746882,50746882,0,1.0,
2026-09-30,raydium,Raydium,DEXs,2026-09-29,43724524,43724524,0,1.0,
2026-09-30,aave,Aave,Lending,2026-09-29,35948577,35948577,0,1.0,
2026-09-30,raydium-amm,Raydium AMM,DEXs,2026-09-29,34368044,34368044,0,1.0,
2026-09-30,meteora,Meteora,DEXs,2026-09-29,30943155,30943155,0,1.0,
2026-09-30,polymarket-international,Polymarket International,Prediction Market,2026-09-29,30191040,30191040,0,1.0,
2026-09-30,sky-lending,Sky Lending,CDP,2026-09-29,26820247,26820247,0,1.0,
2026-09-30,meteora-dlmm,Meteora DLMM,DEXs,2026-09-29,24980760,24980760,0,1.0,
2026-09-30,solana,Solana,Chains,2026-09-29,24762743,24762743,0,1.0,
2026-09-30,tron,TRON,Chains,2026-09-29,23866040,23866040,0,1.0,
2026-09-30,pancakeswap-token,PancakeSwap,DEXs,2026-09-29,23086206,19695159,3391047,0.8531,2026-09-08
2026-09-30,binancecoin,BNB,Chains,2026-09-29,21422347,21422347,0,1.0,
2026-09-30,ethena,Ethena,Basis Trading,2026-09-29,20086954,2149,20084805,0.0001,2026-09-03; 2026-09-04; 2026-09-10; 2026-09-11; 2026-09-15; 2026-09-16; 2026-09-17; 2026-09-18; 2026-09-19; 2026-09-21; 2026-09-24; 2026-09-28
2026-09-30,ethena-usde,Ethena USDe,Basis Trading,2026-09-29,20086954,2149,20084805,0.0001,2026-09-03; 2026-09-04; 2026-09-10; 2026-09-11; 2026-09-15; 2026-09-16; 2026-09-17; 2026-09-18; 2026-09-19; 2026-09-21; 2026-09-24; 2026-09-28
2026-09-30,morpho,Morpho,Lending,2026-09-29,19505706,19505706,0,1.0,
2026-09-30,morpho-blue,Morpho Blue,Lending,2026-09-29,19484424,19484424,0,1.0,
2026-09-30,binance-staked-eth,Binance staked ETH,Liquid Staking,2026-09-29,18592536,18592536,0,1.0,
2026-09-30,aerodrome-finance,Aerodrome Finance,DEXs,2026-09-29,18367415,10183397,8184018,0.5544,2026-09-09
2026-09-30,jupiter-exchange-solana,Jupiter,DEX Aggregator,2026-09-29,18140280,18140280,0,1.0,
2026-09-30,pancakeswap-amm-v3,PancakeSwap AMM V3,DEXs,2026-09-29,16617266,14407126,2210140,0.867,2026-09-08
2026-09-30,aerodrome-slipstream,Aerodrome Slipstream,DEXs,2026-09-29,16548206,8472502,8075704,0.512,2026-09-09
2026-09-30,ethereum,Ethereum,Chains,2026-09-29,15779867,11677069,4102798,0.74,2026-09-24; 2026-09-28; 2026-09-29
2026-09-30,orca-dex,Orca DEX,DEXs,2026-09-29,10513730,10513730,0,1.0,
2026-09-30,ether.fi-stake,ether.fi Stake,Liquid Staking,2026-09-29,10132582,10132582,0,1.0,
2026-09-30,jito-governance-token,Jito,Liquid Staking,2026-09-29,9712950,9712950,0,1.0,
2026-09-30,maple,Maple,Lending,2026-09-29,9450926,4442696,5008230,0.4701,2026-09-01; 2026-09-08; 2026-09-14; 2026-09-25
2026-09-30,syrup,Maple Finance,Lending,2026-09-29,9450926,4442696,5008230,0.4701,2026-09-01; 2026-09-08; 2026-09-14; 2026-09-25
2026-09-30,spark-liquidity-layer,Spark Liquidity Layer,Onchain Capital Allocator,2026-09-29,8765415,8765415,0,1.0,
2026-09-30,blackrock-buidl,BlackRock BUIDL,RWA tokenized treasuries,2026-09-29,8509771,8509771,0,1.0,
2026-09-30,jupiter-perpetual-exchange,Jupiter Perpetual Exchange,Derivatives,2026-09-29,7926489,7926489,0,1.0,
2026-09-30,steakhouse-financial,Steakhouse Financial,Risk Curators,2026-09-29,7791152,7791152,0,1.0,
2026-09-30,sanctum-validator-lsts,Sanctum Validator LSTs,Liquid Staking,2026-09-29,7454875,7454875,0,1.0,
2026-09-30,near-intents,NEAR Intents,Liquidity bridges,2026-09-29,7175884,7175884,0,1.0,
2026-09-30,bitcoin,Bitcoin,Chains,2026-09-29,6970409,6970409,0,1.0,
2026-09-30,sparklend,SparkLend,Lending,2026-09-29,6095575,6095575,0,1.0,
2026-09-30,sentora-curator,Sentora Curator,Risk Curators,2026-09-29,5880287,5880287,0,1.0,
2026-09-30,predict-fun,Predict Fun,Prediction Market,2026-09-29,5685012,5685012,0,1.0,
2026-09-30,lighter,Lighter,Liquidity bridges,2026-09-29,5265308,5265308,0,1.0,
2026-09-30,uniswap-v2,Uniswap V2,DEXs,2026-09-29,4870288,4870288,0,1.0,
2026-09-30,centrifuge-protocol,Centrifuge Protocol,RWA private credit,2026-09-29,4633722,2301995,2331727,0.4968,2026-08-31; 2026-09-08; 2026-09-14; 2026-09-21; 2026-09-28
2026-09-30,kamino-lend,Kamino Lend,Lending,2026-09-29,4614305,4614305,0,1.0,
2026-09-30,binance-staked-sol,Binance Staked SOL,Liquid Staking,2026-09-29,4516918,4516918,0,1.0,
2026-09-30,chainlink,Chainlink,Messaging bridges,2026-09-29,4484106,134575,4349531,0.03,2026-09-03; 2026-09-10; 2026-09-17; 2026-09-24
2026-09-30,veda,Veda,Onchain Capital Allocator,2026-09-29,4403907,4403907,0,1.0,
2026-09-30,edgex,edgeX,Liquidity bridges,2026-09-29,4340495,4340495,0,1.0,
2026-09-30,jito-liquid-staking,Jito Liquid Staking,Liquid Staking,2026-09-29,4279304,4279304,0,1.0,
2026-09-30,spiko,Spiko,RWA tokenized treasuries,2026-09-29,4204967,3345413,859554,0.7956,2026-09-18; 2026-09-25
2026-09-30,jupiter-lend,Jupiter Lend,Lending,2026-09-29,3994438,3994438,0,1.0,
2026-09-30,grove-finance,Grove Finance,Onchain Capital Allocator,2026-09-29,3917633,2099652,1817981,0.5359,2026-08-31; 2026-09-08; 2026-09-14; 2026-09-21; 2026-09-28
2026-09-30,curve-dao-token,Curve DAO,DEXs,2026-09-29,3724282,3041335,682947,0.8166,2026-09-23; 2026-09-29
2026-09-30,pacifica-perps,Pacifica Perps,Derivatives,2026-09-29,3597136,3597136,0,1.0,
2026-09-30,wisdomtree,WisdomTree,RWA tokenized treasuries,2026-09-29,3591953,3591953,0,1.0,
2026-09-30,gauntlet,Gauntlet,Risk Curators,2026-09-29,3569617,3569617,0,1.0,
2026-09-30,curve-dex,Curve DEX,DEXs,2026-09-29,3456806,2799735,657071,0.8099,2026-09-23; 2026-09-29
2026-09-30,fluid-lending,Fluid Lending,Lending,2026-09-29,3376647,3376647,0,1.0,
2026-09-30,gmtrade,,cerchio 2,2026-09-29,3225381,2800717,424664,0.8683,2026-09-28
2026-09-30,gmx-solana,GMX Solana,Derivatives,2026-09-29,3225381,2800717,424664,0.8683,2026-09-28
2026-09-30,etherfi-cash-liquid,EtherFi Cash Liquid,Crypto Card Issuer,2026-09-29,3092746,2440779,651967,0.7892,2026-09-01; 2026-09-02; 2026-09-04
2026-09-30,rocket-pool,Rocket Pool,Liquid Staking,2026-09-29,2865887,1728471,1137416,0.6031,2026-09-09; 2026-09-13; 2026-09-21; 2026-09-29
2026-09-30,hastra,Hastra,RWA other,2026-09-29,2821012,2821012,0,1.0,
2026-09-30,hyperliquid-spot-orderbook,Hyperliquid Spot Orderbook,DEXs,2026-09-29,2685166,2685166,0,1.0,
2026-09-30,onre,OnRe,RWA private credit,2026-09-29,2667275,2667275,0,1.0,
2026-09-30,huma,Huma,RWA other,2026-09-29,2475117,2475117,0,1.0,
2026-09-30,huma-finance-v2,Huma Finance V2,cerchio 2,2026-09-29,2475117,2475117,0,1.0,
2026-09-30,coinbase-wrapped-staked-eth,Coinbase Wrapped Staked ETH,Liquid Staking,2026-09-29,2465493,2465493,0,1.0,
2026-09-30,compound-governance-token,Compound,Lending,2026-09-29,2454779,2454779,0,1.0,
2026-09-30,kelp,Kelp,Liquid Restaking,2026-09-29,2452074,1446159,1005915,0.5898,2026-09-03; 2026-09-07; 2026-09-14; 2026-09-21; 2026-09-28
2026-09-30,solvbtc,SolvBTC,Liquidity bridges,2026-09-29,2447693,2447693,0,1.0,
2026-09-30,azverse-perps,AZverse Perps,Derivatives,2026-09-29,2380507,2380507,0,1.0,
2026-09-30,convex-finance,Convex Finance,Yield,2026-09-29,2380269,1700286,679983,0.7143,2026-09-02; 2026-09-16
2026-09-30,compound-v3,Compound V3,Lending,2026-09-29,2372482,2372482,0,1.0,
2026-09-30,concrete,Concrete,Onchain Capital Allocator,2026-09-29,2334984,2334984,0,1.0,
2026-09-30,saturn,Saturn,Stablecoin Wrapper,2026-09-29,2309620,-756946,3066566,-0.3277,2026-09-03; 2026-09-11; 2026-09-14; 2026-09-17; 2026-09-18; 2026-09-28; 2026-09-29
2026-09-30,polygon-ecosystem-token,POL (ex-MATIC),Chains,2026-09-29,2214622,2214622,0,1.0,
2026-09-30,upshift,Upshift,Onchain Capital Allocator,2026-09-29,2212065,1790735,421330,0.8095,2026-09-01; 2026-09-21
2026-09-30,tonstakers-lsd,Tonstakers LSD,Liquid Staking,2026-09-29,2149370,2149370,0,1.0,
2026-09-30,jupiter-staked-sol,Jupiter Staked SOL,Liquid Staking,2026-09-29,2145250,2145250,0,1.0,
2026-09-30,midas-rwa,Midas RWA,RWA tokenized treasuries,2026-09-29,1991219,1034937,956282,0.5198,2026-09-09; 2026-09-23
2026-09-30,blockchain-capital,Blockchain Capital,RWA other,2026-09-29,1979153,1979153,0,1.0,
2026-09-30,marinade-native,Marinade Native,Staking Pool,2026-09-29,1873164,1873164,0,1.0,
2026-09-30,kinetiq-khype,Kinetiq kHYPE,Liquid Staking,2026-09-29,1839165,1839165,0,1.0,
2026-09-30,aerodrome-v1,Aerodrome V1,DEXs,2026-09-29,1809647,1472433,337214,0.8137,2026-09-16; 2026-09-23
2026-09-30,lighter-robinhood-perps,Lighter Robinhood Perps,Derivatives,2026-09-29,1783302,1783302,0,1.0,
2026-09-30,trust-wallet-token,Trust Wallet,Wallets,2026-09-29,1764277,1764277,0,1.0,
2026-09-30,invesco-ustb,Invesco USTB,RWA tokenized treasuries,2026-09-29,1745141,1745141,0,1.0,
2026-09-30,liquid-collective,Liquid Collective,Liquid Staking,2026-09-29,1702805,1702805,0,1.0,
2026-09-30,usd-ai,USD AI,RWA private credit,2026-09-29,1687168,0,1687168,0.0,2026-09-03; 2026-09-09; 2026-09-18; 2026-09-25; 2026-09-27
2026-09-30,lombard-lbtc,Lombard LBTC,Restaked BTC,2026-09-29,1654933,529134,1125799,0.3197,2026-09-05; 2026-09-16; 2026-09-23; 2026-09-24; 2026-09-26; 2026-09-29
2026-09-30,extended-perps,Extended Perps,Derivatives,2026-09-29,1641255,1641255,0,1.0,
2026-09-30,just,JUST,Lending,2026-09-29,1636820,1636820,0,1.0,
2026-09-30,justlend-v1,JustLend V1,Lending,2026-09-29,1636820,1636820,0,1.0,
2026-09-30,re,Re,RWA private credit,2026-09-29,1602780,1602780,0,1.0,
2026-09-30,euler-v2,Euler V2,Lending,2026-09-29,1592646,1592646,0,1.0,
2026-09-30,sosovalue-indexes,SoSoValue Indexes,Indexes,2026-09-29,1545750,1545750,0,1.0,
2026-09-30,predictstreet,PredictStreet,Prediction Market,2026-09-29,1440295,845101,595194,0.5868,2026-09-09; 2026-09-20; 2026-09-21; 2026-09-22
2026-09-30,gmx-v2-perps,GMX V2 Perps,Derivatives,2026-09-29,1341193,1341193,0,1.0,
2026-09-30,meth-protocol,mETH Protocol,Liquid Staking,2026-09-29,1271209,1271209,0,1.0,
2026-09-30,hyperlend-pooled,HyperLend Pooled,Lending,2026-09-29,1241444,802313,439131,0.6463,2026-09-20; 2026-09-21; 2026-09-22; 2026-09-23
2026-09-30,tether-gold,Tether Gold,RWA other,2026-09-29,1235439,0,1235439,0.0,2026-09-28
2026-09-30,venus-core-pool,Venus Core Pool,Lending,2026-09-29,1234288,1234288,0,1.0,
2026-09-30,drift-staked-sol,Drift Staked SOL,Liquid Staking,2026-09-29,1224683,1224683,0,1.0,
2026-09-30,dolomite,Dolomite,Lending,2026-09-29,1209075,1209075,0,1.0,
2026-09-30,marinade-liquid-staking,Marinade Liquid Staking,Liquid Staking,2026-09-29,1202700,1202700,0,1.0,
2026-09-30,plume-vaults,Plume Vaults,RWA other,2026-09-29,937946,937946,0,1.0,
2026-09-30,marinade-select,Marinade Select,Staking Pool,2026-09-29,932131,932131,0,1.0,
2026-09-30,benqi-staked-avax,Benqi Staked Avax,Liquid Staking,2026-09-29,905985,633326,272659,0.699,2026-09-14; 2026-09-29
2026-09-30,quickswap-dex,Quickswap Dex,DEXs,2026-09-29,904391,904391,0,1.0,
2026-09-30,gains-network,Gains Network,Derivatives,2026-09-29,896848,686901,209947,0.7659,2026-09-24; 2026-09-28
2026-09-30,k3-capital,K3 Capital,Risk Curators,2026-09-29,866316,866316,0,1.0,
2026-09-30,sun-token,Sun Token,DEXs,2026-09-29,863326,863326,0,1.0,
2026-09-30,stakewise-v3,StakeWise V3,Liquid Staking,2026-09-29,829584,829584,0,1.0,
2026-09-30,forward-industries-sol,Forward Industries SOL,Liquid Staking,2026-09-29,824159,824159,0,1.0,
2026-09-30,avant-avusd,Avant avUSD,Onchain Capital Allocator,2026-09-29,774024,774024,0,1.0,
2026-09-30,circle-usyc,Circle USYC,RWA tokenized treasuries,2026-09-29,717654,489795,227859,0.6825,2026-08-31; 2026-09-08; 2026-09-21
2026-09-30,sanctum-infinity,Sanctum Infinity,DEXs,2026-09-29,715762,0,715762,0.0,2026-08-31; 2026-09-02; 2026-09-03; 2026-09-25; 2026-09-26; 2026-09-27; 2026-09-28
2026-09-30,lista-liquid-staking,Lista Liquid Staking,Liquid Staking,2026-09-29,713156,713156,0,1.0,
2026-09-30,rockawayx,RockawayX,Risk Curators,2026-09-29,693720,693720,0,1.0,
2026-09-30,aave-v4,Aave V4,Lending,2026-09-29,692908,692908,0,1.0,
2026-09-30,bitwise-uscc,Bitwise USCC,Basis Trading,2026-09-29,644334,53740,590594,0.0834,2026-08-31; 2026-09-01; 2026-09-02; 2026-09-08; 2026-09-09; 2026-09-10; 2026-09-16; 2026-09-17; 2026-09-22; 2026-09-24; 2026-09-25; 2026-09-28; 2026-09-29
2026-09-30,fx-protocol,fx Protocol,Dual-Token Stablecoin,2026-09-29,627038,137800,489238,0.2198,2026-09-02; 2026-09-04; 2026-09-05; 2026-09-08; 2026-09-15; 2026-09-18; 2026-09-21; 2026-09-23; 2026-09-26
2026-09-30,yearn-finance,Yearn Finance,Yield Aggregator,2026-09-29,604982,604982,0,1.0,
2026-09-30,arbitrum,Arbitrum,Chains,2026-09-29,603487,548015,55472,0.9081,2026-09-24
2026-09-30,arcus-perps,Arcus Perps,Derivatives,2026-09-29,581235,370649,210586,0.6377,2026-09-27; 2026-09-28; 2026-09-29
2026-09-30,hyperliquid-hlp,Hyperliquid HLP,Vault,2026-09-29,568777,568777,0,1.0,
2026-09-30,pendle,Pendle,Yield,2026-09-29,562805,312781,250024,0.5558,2026-09-07; 2026-09-21
2026-09-30,the-vault-liquid-staking,The Vault Liquid Staking,Liquid Staking,2026-09-29,550330,550330,0,1.0,
2026-09-30,sunswap-v3,SUNSwap V3,DEXs,2026-09-29,549967,549967,0,1.0,
2026-09-30,jpool,JPool,Liquid Staking,2026-09-29,546267,546267,0,1.0,
2026-09-30,pendle-v2,Pendle V2,Yield,2026-09-29,529035,282015,247020,0.5331,2026-09-07; 2026-09-21
2026-09-30,armitage-by-wintermute,Armitage by Wintermute,Risk Curators,2026-09-29,522836,522836,0,1.0,
2026-09-30,cian-yield-layer,CIAN Yield Layer,Yield Aggregator,2026-09-29,522687,522687,0,1.0,
2026-09-30,aera-v3,Aera V3,Onchain Capital Allocator,2026-09-29,522430,240734,281696,0.4608,2026-09-02; 2026-09-03; 2026-09-04; 2026-09-05; 2026-09-06; 2026-09-07
2026-09-30,bybit-staked-sol,Bybit Staked SOL,Liquid Staking,2026-09-29,519266,519266,0,1.0,
2026-09-30,unit,Unit,Liquidity bridges,2026-09-29,513790,393746,120044,0.7664,2026-09-18; 2026-09-21
2026-09-30,m0,M0,Stablecoin Issuer,2026-09-29,511936,511936,0,1.0,
2026-09-30,tornado-cash,Tornado Cash,Privacy,2026-09-29,508411,460731,47680,0.9062,2026-09-22
2026-09-30,decibel,Decibel,Derivatives,2026-09-29,503821,503821,0,1.0,
2026-09-30,phantom-sol,Phantom SOL,Liquid Staking,2026-09-29,490845,8125,482720,0.0166,2026-08-31; 2026-09-02; 2026-09-15; 2026-09-16; 2026-09-18; 2026-09-19; 2026-09-20; 2026-09-22; 2026-09-23; 2026-09-24; 2026-09-26; 2026-09-27; 2026-09-28
2026-09-30,exponent-yield-exchange,Exponent Yield Exchange,Yield,2026-09-29,490585,34205,456380,0.0697,2026-09-04; 2026-09-17; 2026-09-22; 2026-09-24; 2026-09-25; 2026-09-28
2026-09-30,cap,cap,Lending,2026-09-29,486556,486556,0,1.0,
2026-09-30,phase-delegation,Phase Delegation,Liquid Staking,2026-09-29,446325,446325,0,1.0,
2026-09-30,stader,Stader,Liquid Staking,2026-09-29,440616,65209,375407,0.148,2026-08-31; 2026-09-01; 2026-09-02; 2026-09-07; 2026-09-08; 2026-09-09; 2026-09-10; 2026-09-15; 2026-09-16; 2026-09-17; 2026-09-23; 2026-09-24; 2026-09-25
2026-09-30,apex-omni,Apex Omni,Derivatives,2026-09-29,435086,397520,37566,0.9137,2026-09-03
2026-09-30,ember-protocol,Ember Protocol,Onchain Capital Allocator,2026-09-29,427767,427767,0,1.0,
2026-09-30,sthype,stHYPE,Liquid Staking,2026-09-29,411929,411929,0,1.0,
2026-09-30,helius-staked-sol,Helius Staked SOL,Liquid Staking,2026-09-29,406261,406261,0,1.0,
2026-09-30,curvance,Curvance,Lending,2026-09-29,403238,403238,0,1.0,
2026-09-30,navi-lending,NAVI Lending,Lending,2026-09-29,402175,402175,0,1.0,
2026-09-30,railgun,Railgun,Privacy,2026-09-29,394062,333308,60754,0.8458,2026-09-29
2026-09-30,clearstar,Clearstar,Risk Curators,2026-09-29,389801,389801,0,1.0,
2026-09-30,symbiotic,Symbiotic,Collateral Markets,2026-09-29,385804,65605,320199,0.17,2026-09-11; 2026-09-12; 2026-09-19; 2026-09-21
2026-09-30,usual-usd0,Usual USD0,RWA tokenized treasuries,2026-09-29,344855,216157,128698,0.6268,2026-09-08; 2026-09-14; 2026-09-16; 2026-09-18
2026-09-30,hyperithm,Hyperithm,Risk Curators,2026-09-29,342558,342558,0,1.0,
2026-09-30,veranta,Veranta,Derivatives,2026-09-29,332255,283107,49148,0.8521,2026-09-28
2026-09-30,aave-v2,Aave V2,Lending,2026-09-29,331690,149007,182683,0.4492,2026-09-14
2026-09-30,blend-pools-v2,Blend Pools V2,Lending,2026-09-29,325759,325759,0,1.0,
2026-09-30,lista-lending,Lista Lending,Lending,2026-09-29,322161,322161,0,1.0,
2026-09-30,stargate-v2,Stargate V2,Cross Chain Bridge,2026-09-29,320597,262748,57849,0.8196,2026-09-08; 2026-09-16
2026-09-30,frax-usd,Frax USD,RWA tokenized treasuries,2026-09-29,317938,317938,0,1.0,
2026-09-30,avalanche-2,Avalanche,Chains,2026-09-29,317390,156318,161072,0.4925,2026-09-20; 2026-09-24; 2026-09-27; 2026-09-28; 2026-09-29
2026-09-30,suilend,Suilend,Lending,2026-09-29,306716,276299,30417,0.9008,2026-09-25
2026-09-30,ssv-network,SSV Network,Staking Pool,2026-09-29,306428,306428,0,1.0,
2026-09-30,lista-cdp,Lista CDP,CDP,2026-09-29,295434,184419,111015,0.6242,2026-09-10
2026-09-30,doublezero,DoubleZero,Liquid Staking,2026-09-29,291598,291598,0,1.0,
2026-09-30,layerzero,LayerZero,Liquidity bridges,2026-09-29,287919,287919,0,1.0,
2026-09-30,fluid-dex,Fluid DEX,DEXs,2026-09-29,287072,287072,0,1.0,
2026-09-30,layerzero-v2,LayerZero V2,Liquidity bridges,2026-09-29,286379,286379,0,1.0,
2026-09-30,doppler-finance,Doppler Finance,CeDeFi,2026-09-29,270997,270997,0,1.0,
2026-09-30,falcon-finance,Falcon USD,Basis Trading,2026-09-29,257718,257718,0,1.0,
2026-09-30,dydx-v4,dYdX V4,Derivatives,2026-09-29,256518,213300,43218,0.8315,2026-09-08; 2026-09-21
2026-09-30,usdd,USDD,CDP,2026-09-29,251643,251643,0,1.0,
2026-09-30,frax-ether,Frax Ether,Liquid Staking,2026-09-29,240075,0,240075,0.0,2026-09-03; 2026-09-10; 2026-09-17; 2026-09-24
2026-09-30,tydro,Tydro,Lending,2026-09-29,234008,234008,0,1.0,
2026-09-30,renzo,Renzo,Liquid Restaking,2026-09-29,227505,161177,66328,0.7085,2026-09-17; 2026-09-24
2026-09-30,sky-money,Sky Money,Risk Curators,2026-09-29,224868,224868,0,1.0,
2026-09-30,sunswap-v2,SUNSwap V2,DEXs,2026-09-29,222929,222929,0,1.0,
2026-09-30,starknet,Starknet,Chains,2026-09-29,222652,222652,0,1.0,
2026-09-30,injective-protocol,Injective,Chains,2026-09-29,206592,206592,0,1.0,
2026-09-30,limitless-exchange,Limitless Exchange,Prediction Market,2026-09-29,202784,185158,17626,0.9131,2026-09-11
2026-09-30,crvusd,crvUSD,CDP,2026-09-29,196125,0,196125,0.0,2026-08-31; 2026-09-02; 2026-09-03; 2026-09-07; 2026-09-09; 2026-09-10; 2026-09-14; 2026-09-16; 2026-09-17; 2026-09-21; 2026-09-23; 2026-09-24; 2026-09-28
2026-09-30,rhea-lend,Rhea Lend,Lending,2026-09-29,192820,192820,0,1.0,
2026-09-30,eigencloud,EigenCloud,Restaking,2026-09-29,191227,36732,154495,0.1921,2026-09-01; 2026-09-02; 2026-09-04; 2026-09-08; 2026-09-11; 2026-09-18; 2026-09-22; 2026-09-29
2026-09-30,internet-computer,Internet Computer,Chains,2026-09-29,186704,186704,0,1.0,
2026-09-30,derive-v2,Derive V2,Derivatives,2026-09-29,178752,161559,17193,0.9038,2026-09-21
2026-09-30,sui,Sui,Chains,2026-09-29,168068,141949,26119,0.8446,2026-09-21; 2026-09-25
2026-09-30,meta-2-2,MetaDAO,DEXs,2026-09-29,162995,133925,29070,0.8217,2026-09-19; 2026-09-21
2026-09-30,kpk,KPK,Risk Curators,2026-09-29,161133,161133,0,1.0,
2026-09-30,stusdt,stUSDT,RWA tokenized treasuries,2026-09-29,152664,152664,0,1.0,
2026-09-30,benqi-lending,Benqi Lending,Lending,2026-09-29,150918,150918,0,1.0,
2026-09-30,defi-saver-asset-management,Defi Saver Asset Management,CDP Manager,2026-09-29,150664,79250,71414,0.526,2026-09-11; 2026-09-15; 2026-09-18; 2026-09-21
2026-09-30,zcash,Zcash,Chains,2026-09-29,142548,116200,26348,0.8152,2026-09-19; 2026-09-23
2026-09-30,sport.fun,Sport.fun,Prediction Market,2026-09-29,134710,134710,0,1.0,
2026-09-30,ether.fi-liquid,ether.fi Liquid,Onchain Capital Allocator,2026-09-29,132566,132566,0,1.0,
2026-09-30,mantle-index-four-fund,Mantle Index Four Fund,RWA other,2026-09-29,127604,127604,0,1.0,
2026-09-30,fluid-lite,Fluid Lite,Yield Aggregator,2026-09-29,124363,124363,0,1.0,
2026-09-30,beefy,Beefy,Yield Aggregator,2026-09-29,115765,102800,12965,0.888,2026-09-04
2026-09-30,aptos,Aptos,Chains,2026-09-29,113285,113285,0,1.0,
2026-09-30,overtime,Overtime,Prediction Market,2026-09-29,106349,80440,25909,0.7564,2026-09-28
2026-09-30,near,NEAR Protocol,Chains,2026-09-29,105242,81845,23397,0.7777,2026-09-27; 2026-09-28; 2026-09-29
2026-09-30,nexus-mutual,Nexus Mutual,Insurance,2026-09-29,94832,10408,84424,0.1098,2026-09-02; 2026-09-07; 2026-09-09; 2026-09-10; 2026-09-13; 2026-09-14; 2026-09-15; 2026-09-18; 2026-09-22; 2026-09-24; 2026-09-25
2026-09-30,ostium,Ostium,Derivatives,2026-09-29,87832,18381,69451,0.2093,2026-08-31; 2026-09-02; 2026-09-10; 2026-09-28
2026-09-30,optimism,Optimism,Chains,2026-09-29,83733,70050,13683,0.8366,2026-09-24
2026-09-30,compound-v2,Compound V2,Lending,2026-09-29,82297,82297,0,1.0,
2026-09-30,lagoon,Lagoon,Onchain Capital Allocator,2026-09-29,81826,81826,0,1.0,
2026-09-30,filecoin,Filecoin,Chains,2026-09-29,77766,70191,7575,0.9026,2026-09-08
2026-09-30,stake-dao-yield,Stake DAO Yield,Yield,2026-09-29,74836,57,74779,0.0008,2026-08-31; 2026-09-03; 2026-09-04; 2026-09-05; 2026-09-10; 2026-09-11; 2026-09-12; 2026-09-14; 2026-09-17; 2026-09-18; 2026-09-19; 2026-09-24; 2026-09-25; 2026-09-26
2026-09-30,the-open-network,Toncoin,Chains,2026-09-29,69799,69799,0,1.0,
2026-09-30,sx-bet,SX Bet,Prediction Market,2026-09-29,68090,55784,12306,0.8193,2026-09-13; 2026-09-20
2026-09-30,openeden-tbill,OpenEden TBILL,RWA tokenized treasuries,2026-09-29,65242,65242,0,1.0,
2026-09-30,b14g,b14g,Restaking,2026-09-29,64024,64024,0,1.0,
2026-09-30,bedrock-token,Bedrock,Anchor BTC,2026-09-29,57478,2557,54921,0.0445,2026-08-31; 2026-09-01; 2026-09-05; 2026-09-08; 2026-09-16; 2026-09-24
2026-09-30,1inch,1INCH,DEX Aggregator,2026-09-29,57437,49520,7917,0.8622,2026-09-29
2026-09-30,cooler-loans,Cooler Loans,Lending,2026-09-29,52973,52973,0,1.0,
2026-09-30,cardano,Cardano,Chains,2026-09-29,47488,47488,0,1.0,
2026-09-30,solstice,Solstice,Basis Trading,2026-09-29,46927,46927,0,1.0,
2026-09-30,stellar,Stellar,Chains,2026-09-29,45085,45085,0,1.0,
2026-09-30,opinion,OPINION,Prediction Market,2026-09-29,43820,43820,0,1.0,
2026-09-30,pinksale,PinkSale,Launchpad,2026-09-29,39942,728,39214,0.0182,2026-09-01; 2026-09-03; 2026-09-11; 2026-09-12; 2026-09-15; 2026-09-18; 2026-09-21; 2026-09-23; 2026-09-25; 2026-09-26; 2026-09-28; 2026-09-29
2026-09-30,tbtc,tBTC,Decentralized BTC,2026-09-29,36959,9321,27638,0.2522,2026-08-31; 2026-09-03; 2026-09-05; 2026-09-06; 2026-09-07; 2026-09-11; 2026-09-23; 2026-09-24
2026-09-30,obol,Obol,Staking Pool,2026-09-29,34362,-20776,55138,-0.6046,2026-08-31; 2026-09-04; 2026-09-08; 2026-09-16; 2026-09-18; 2026-09-22; 2026-09-24; 2026-09-26; 2026-09-28
2026-09-30,gtbtc,GTBTC,Restaked BTC,2026-09-29,30393,30393,0,1.0,
2026-09-30,telos-consilium,Telos Consilium,Risk Curators,2026-09-29,22660,22660,0,1.0,
2026-09-30,moonlander,Moonlander,Derivatives,2026-09-29,20528,12451,8077,0.6065,2026-09-28
2026-09-30,the-graph,The Graph,Developer Tools,2026-09-29,20246,4207,16039,0.2078,2026-08-31; 2026-09-02; 2026-09-05; 2026-09-09; 2026-09-13; 2026-09-15; 2026-09-21; 2026-09-25; 2026-09-26; 2026-09-29
2026-09-30,world-chain,World Chain,Canonical Bridge,2026-09-29,20178,20178,0,1.0,
2026-09-30,worldcoin-wld,Worldcoin,Chains,2026-09-29,20178,20178,0,1.0,
2026-09-30,hedera-hashgraph,Hedera,Chains,2026-09-29,19782,17745,2037,0.897,2026-09-28
2026-09-30,etherfi-borrowing-market,EtherFi Borrowing Market,Lending,2026-09-29,18363,18363,0,1.0,
2026-09-30,portal,Portal,Liquidity bridges,2026-09-29,17414,15397,2017,0.8842,2026-09-18
2026-09-30,opentrade,OpenTrade,RWA other,2026-09-29,16287,14725,1562,0.9041,2026-09-07
2026-09-30,thorchain,THORChain,Chains,2026-09-29,15434,11850,3584,0.7678,2026-09-27; 2026-09-28
2026-09-30,digift,DigiFT,RWA other,2026-09-29,15192,263,14929,0.0173,2026-08-31; 2026-09-07; 2026-09-08; 2026-09-09; 2026-09-18; 2026-09-28
2026-09-30,litecoin,Litecoin,Chains,2026-09-29,14082,14082,0,1.0,
2026-09-30,mantle,Mantle,Chains,2026-09-29,12446,10673,1773,0.8575,2026-09-10
2026-09-30,figure-markets-exchange,Figure Markets Exchange,OTC Marketplace,2026-09-29,11767,6424,5343,0.5459,2026-09-10; 2026-09-11; 2026-09-15; 2026-09-22
2026-09-30,havven,Synthetix,Derivatives,2026-09-29,10889,8981,1908,0.8248,2026-09-15; 2026-09-22
2026-09-30,frax,Legacy Frax Dollar,Algo-Stables,2026-09-29,8513,0,8513,0.0,2026-08-31; 2026-09-07; 2026-09-08; 2026-09-09; 2026-09-10; 2026-09-12; 2026-09-13; 2026-09-14; 2026-09-16; 2026-09-18; 2026-09-19; 2026-09-20; 2026-09-21; 2026-09-27
2026-09-30,axelar,Axelar,Messaging bridges,2026-09-29,5465,4701,764,0.8602,2026-08-31
2026-09-30,uncx-network-v2,UNCX Network V2,Token Locker,2026-09-29,4851,420,4431,0.0866,2026-09-04; 2026-09-09; 2026-09-11; 2026-09-12; 2026-09-14; 2026-09-16; 2026-09-17; 2026-09-22; 2026-09-24; 2026-09-26; 2026-09-28
2026-09-30,tezos,Tezos,Chains,2026-09-29,4025,3323,702,0.8256,2026-09-04
2026-09-30,celestia,Celestia,Data availability,2026-09-29,2659,2659,0,1.0,
2026-09-30,sei-network,Sei,Chains,2026-09-29,2231,915,1316,0.4101,2026-09-20; 2026-09-21; 2026-09-22; 2026-09-25; 2026-09-27; 2026-09-28
2026-09-30,bitcoin-cash,Bitcoin Cash,Chains,2026-09-29,2134,2134,0,1.0,
2026-09-30,liquity-v1,Liquity V1,CDP,2026-09-29,2087,0,2087,0.0,2026-08-31; 2026-09-06; 2026-09-08; 2026-09-09; 2026-09-10; 2026-09-11; 2026-09-13; 2026-09-25
2026-09-30,cosmos,Cosmos Hub,Chains,2026-09-29,1829,1829,0,1.0,
2026-09-30,contango-v2,Contango V2,Derivatives,2026-09-29,1410,327,1083,0.2319,2026-09-03; 2026-09-04; 2026-09-10; 2026-09-12; 2026-09-13; 2026-09-21; 2026-09-22
2026-09-30,myriad-markets,Myriad Markets,Prediction Market,2026-09-29,1327,375,952,0.2827,2026-09-03; 2026-09-11; 2026-09-13; 2026-09-14; 2026-09-18; 2026-09-21; 2026-09-28
2026-09-30,rain,Rain,Prediction Market,2026-09-29,920,0,920,0.0,2026-09-03; 2026-09-10; 2026-09-11
2026-09-30,ethereum-classic,Ethereum Classic,Chains,2026-09-29,873,873,0,1.0,
2026-09-30,mento-v2,Mento V2,Algo-Stables,2026-09-29,812,139,674,0.1709,2026-08-31; 2026-09-02; 2026-09-10; 2026-09-14; 2026-09-21; 2026-09-29
2026-09-30,dash,Dash,Chains,2026-09-29,779,779,0,1.0,
2026-09-30,polkadot,Polkadot,Chains,2026-09-29,687,687,0,1.0,
2026-09-30,bitfi-basis,BitFi Basis,Basis Trading,2026-09-29,543,511,31,0.9424,2026-09-19
2026-09-30,algorand,Algorand,Chains,2026-09-29,469,469,0,1.0,
2026-09-30,bedrock-unibtc,Bedrock uniBTC,Anchor BTC,2026-09-29,432,0,432,0.0,2026-09-01; 2026-09-02; 2026-09-05; 2026-09-07; 2026-09-10; 2026-09-13; 2026-09-14; 2026-09-18; 2026-09-21; 2026-09-23; 2026-09-24; 2026-09-25; 2026-09-27; 2026-09-28
2026-09-30,ripple,XRP,Chains,2026-09-29,2,1,1,0.5698,2026-09-05; 2026-09-08; 2026-09-22; 2026-09-23
2026-09-30,frax-fpi,Frax FPI,Algo-Stables,2026-09-29,2,0,2,0.0,2026-09-15
