date,protocol_id,protocol,sector,health_index,measures_available,change_7d,rank_deposit_growth,rank_fees_on_value,rank_transactions,rank_token_vs_btc,rank_data_cleanliness
2026-10-08,pumpswap,PumpSwap,DEXs,88.1,3,-1.2,97.6,97.2,,,69.4
2026-10-08,tonstakers-lsd,Tonstakers LSD,Liquid Staking,85.7,3,2.2,88.7,98.3,,,70.0
2026-10-08,sky-lending,Sky Lending,CDP,83.3,3,0.0,90.0,90.0,,,70.0
2026-10-08,navi-lending,NAVI Lending,Lending,80.7,3,-4.7,81.0,68.5,,,92.6
2026-10-08,tydro,Tydro,Lending,77.7,3,2.5,94.8,57.4,,,80.9
2026-10-08,orca-dex,Orca DEX,DEXs,77.2,3,19.1,92.9,69.4,,,69.4
2026-10-08,bitwise-uscc,Bitwise USCC,Basis Trading,75.0,3,-7.4,72.2,91.7,,,61.1
2026-10-08,coinbase-wrapped-staked-eth,Coinbase Wrapped Staked ETH,Liquid Staking,73.0,3,0.1,37.1,94.8,,,87.1
2026-10-08,bittensor,Bittensor,Chains,71.7,3,-0.4,98.8,,,46.2,70.2
2026-10-08,morpho-blue,Morpho Blue,Lending,69.2,3,14.1,77.6,46.3,,,83.8
2026-10-08,sanctum-validator-lsts,Sanctum Validator LSTs,Liquid Staking,69.0,3,1.2,91.9,87.9,,,27.1
2026-10-08,raydium-amm,Raydium AMM,DEXs,68.8,3,-7.0,78.6,58.3,,,69.4
2026-10-08,upshift,Upshift,Onchain Capital Allocator,68.8,3,-8.0,55.0,83.3,,,68.2
2026-10-08,marinade-liquid-staking,Marinade Liquid Staking,Liquid Staking,68.6,3,0.1,27.4,91.4,,,87.1
2026-10-08,gauntlet,Gauntlet,Risk Curators,68.3,3,8.1,62.5,59.1,,,83.3
2026-10-08,extended-perps,Extended Perps,Derivatives,67.4,3,17.6,72.5,52.8,,,76.9
2026-10-08,robinhood-chain,,Chains,67.1,3,-7.4,78.8,80.9,,,41.7
2026-10-08,bitcoin,Bitcoin,Chains,66.4,3,6.4,51.2,57.4,,,90.5
2026-10-08,near,NEAR Protocol,Chains,66.0,4,2.3,96.2,42.6,,98.8,26.2
2026-10-08,rockawayx,RockawayX,Risk Curators,66.0,3,-13.4,37.5,77.3,,,83.3
2026-10-08,veda,Veda,Onchain Capital Allocator,64.8,3,7.4,65.0,61.1,,,68.2
2026-10-08,jito-liquid-staking,Jito Liquid Staking,Liquid Staking,64.5,3,13.1,72.6,63.8,,,57.1
2026-10-08,sparklend,SparkLend,Lending,64.5,3,2.4,91.4,31.5,,,70.6
2026-10-08,uniswap-v4,Uniswap V4,DEXs,63.5,4,-2.1,88.1,86.1,,75.0,4.8
2026-10-08,usdd,USDD,CDP,63.3,3,0.0,70.0,30.0,,,90.0
2026-10-08,armitage-by-wintermute,Armitage by Wintermute,Risk Curators,62.4,3,2.8,70.8,95.5,,,20.8
2026-10-08,near-intents,NEAR Intents,Liquidity bridges,62.4,3,-9.4,90.0,91.7,,,5.4
2026-10-08,pancakeswap-amm-v3,PancakeSwap AMM V3,DEXs,61.8,3,-3.0,54.8,80.6,,,50.0
2026-10-08,aave-horizon-rwa,Aave Horizon RWA,Lending,61.7,3,-15.6,53.4,,,33.3,98.5
2026-10-08,fluid-lending,Fluid Lending,Lending,61.0,3,0.3,12.1,94.4,,,76.5
2026-10-08,lagoon,Lagoon,Onchain Capital Allocator,59.4,3,2.9,75.0,16.7,,,86.4
2026-10-08,lista-liquid-staking,Lista Liquid Staking,Liquid Staking,59.3,3,-2.1,85.5,5.2,,,87.1
2026-10-08,avalanche-2,Avalanche,Chains,59.2,4,2.5,83.8,45.6,,81.2,26.2
2026-10-08,avant-avusd,Avant avUSD,Onchain Capital Allocator,59.2,3,0.3,15.0,94.4,,,68.2
2026-10-08,dolomite,Dolomite,Lending,59.2,3,11.1,70.7,90.7,,,16.2
2026-10-08,sentora-curator,Sentora Curator,Risk Curators,58.8,3,2.5,95.8,68.2,,,12.5
2026-10-08,hyperliquid-spot-orderbook,Hyperliquid Spot Orderbook,DEXs,58.7,3,10.8,59.5,47.2,,,69.4
2026-10-08,aave,Aave,Lending,58.4,4,-9.1,43.1,64.8,,33.3,92.6
2026-10-08,unit,Unit,Liquidity bridges,58.2,3,-1.4,86.0,58.3,,,30.4
2026-10-08,blend-pools-v2,Blend Pools V2,Lending,57.6,3,1.1,19.0,61.1,,,92.6
2026-10-08,kamino-lend,Kamino Lend,Lending,57.5,3,-16.6,22.4,87.0,,,63.2
2026-10-08,ether.fi-stake,ether.fi Stake,Liquid Staking,57.4,3,-9.8,82.3,32.8,,,57.1
2026-10-08,spark-liquidity-layer,Spark Liquidity Layer,Onchain Capital Allocator,57.2,3,-1.1,95.0,72.2,,,4.5
2026-10-08,helius-staked-sol,Helius Staked SOL,Liquid Staking,56.5,3,3.6,79.0,77.6,,,12.9
2026-10-08,frax-ether,Frax Ether,Liquid Staking,55.1,3,4.0,66.1,12.1,,,87.1
2026-10-08,aave-v4,Aave V4,Lending,54.5,4,-10.0,98.3,27.8,,33.3,58.8
2026-10-08,meteora-dlmm,Meteora DLMM,DEXs,54.4,3,-0.8,11.9,91.7,,,59.7
2026-10-08,steakhouse-financial,Steakhouse Financial,Risk Curators,53.8,3,5.5,20.8,86.4,,,54.2
2026-10-08,uniswap-v2,Uniswap V2,DEXs,53.1,4,0.7,64.3,36.1,,75.0,37.1
2026-10-08,starknet,Starknet,Chains,53.0,5,10.9,41.2,54.4,6.2,78.8,84.5
2026-10-08,jupiter-lend,Jupiter Lend,Lending,52.6,3,16.3,67.2,83.3,,,7.4
2026-10-08,bybit-staked-sol,Bybit Staked SOL,Liquid Staking,51.9,3,1.4,95.2,53.4,,,7.1
2026-10-08,falcon-finance,Falcon USD,Basis Trading,51.8,3,9.0,88.9,33.3,,,33.3
2026-10-08,falcon-finance-ff,Falcon Finance,Basis Trading,51.8,3,-1.8,88.9,33.3,,,33.3
2026-10-08,layerzero-v2,LayerZero V2,Liquidity bridges,51.8,3,-0.2,94.0,41.7,,,19.6
2026-10-08,kpk,KPK,Risk Curators,51.5,3,11.1,87.5,4.5,,,62.5
2026-10-08,ethena-usde,Ethena USDe,Basis Trading,50.9,3,-1.8,61.1,75.0,,,16.7
2026-10-08,benqi-staked-avax,Benqi Staked Avax,Liquid Staking,50.8,3,-12.7,75.8,46.6,,,30.0
2026-10-08,etherfi-borrowing-market,EtherFi Borrowing Market,Lending,50.8,3,-10.5,74.1,1.9,,,76.5
2026-10-08,compound-v3,Compound V3,Lending,50.5,3,0.4,50.0,42.6,,,58.8
2026-10-08,maple,Maple,Lending,50.5,3,9.6,60.3,72.2,,,19.1
2026-10-08,sky-money,Sky Money,Risk Curators,50.0,3,5.6,29.2,50.0,,,70.8
2026-10-08,the-vault-liquid-staking,The Vault Liquid Staking,Liquid Staking,50.0,3,1.0,43.5,70.7,,,35.7
2026-10-08,curvance,Curvance,Lending,49.4,3,6.3,46.6,79.6,,,22.1
2026-10-08,solstice,Solstice,Basis Trading,49.1,3,18.9,16.7,58.3,,,72.2
2026-10-08,jupiter-staked-sol,Jupiter Staked SOL,Liquid Staking,49.0,3,-0.1,46.8,67.2,,,32.9
2026-10-08,aera-v3,Aera V3,Onchain Capital Allocator,48.9,3,-5.8,85.0,38.9,,,22.7
2026-10-08,portal,Portal,Liquidity bridges,48.8,3,6.5,82.0,25.0,,,39.3
2026-10-08,cap,cap,Lending,48.3,4,0.3,5.2,53.7,,91.7,42.6
2026-10-08,aerodrome-slipstream,Aerodrome Slipstream,DEXs,47.9,4,0.1,73.8,75.0,,25.0,17.7
2026-10-08,lido,Lido,Liquid Staking,47.6,3,-7.8,58.1,27.6,,,57.1
2026-10-08,lido-dao,Lido DAO,Liquid Staking,47.6,3,-7.8,58.1,27.6,,,57.1
2026-10-08,uniswap,Uniswap,DEXs,47.6,4,-8.0,50.0,63.9,,75.0,1.6
2026-10-08,arbitrum,Arbitrum,Chains,47.1,5,-0.2,21.2,33.8,81.2,91.2,8.3
2026-10-08,suilend,Suilend,Lending,46.5,3,-0.1,87.9,50.0,,,1.5
2026-10-08,hyperithm,Hyperithm,Risk Curators,46.2,3,-2.8,79.2,13.6,,,45.8
2026-10-08,liquid-collective,Liquid Collective,Liquid Staking,46.1,3,0.6,8.1,43.1,,,87.1
2026-10-08,drift-staked-sol,Drift Staked SOL,Liquid Staking,45.8,3,-2.5,53.2,74.1,,,10.0
2026-10-08,solvbtc,SolvBTC,Liquidity bridges,45.1,3,4.0,30.0,75.0,,,30.4
2026-10-08,cardano,Cardano,Chains,44.9,4,3.7,61.2,48.5,,68.8,1.2
2026-10-08,jupiter-perpetual-exchange,Jupiter Perpetual Exchange,Derivatives,44.9,3,-5.8,27.5,36.1,,,71.2
2026-10-08,sui,Sui,Chains,44.6,4,0.1,58.8,27.9,,73.8,17.9
2026-10-08,aerodrome-v1,Aerodrome V1,DEXs,44.4,4,-3.5,69.0,52.8,,25.0,30.6
2026-10-08,aptos,Aptos,Chains,44.1,4,-0.8,16.2,60.3,,18.8,81.0
2026-10-08,lista-lending,Lista Lending,Lending,43.5,3,1.1,84.5,9.3,,,36.8
2026-10-08,benqi-lending,Benqi Lending,Lending,43.1,4,-1.2,32.8,35.2,,75.0,29.4
2026-10-08,stakewise-v3,StakeWise V3,Liquid Staking,42.7,3,-1.3,69.4,1.7,,,57.1
2026-10-08,jpool,JPool,Liquid Staking,42.4,3,2.4,24.2,84.5,,,18.6
2026-10-08,rocket-pool,Rocket Pool,Liquid Staking,42.4,3,2.9,40.3,39.7,,,47.1
2026-10-08,sunswap-v3,SUNSwap V3,DEXs,41.8,3,10.0,31.0,13.9,,,80.6
2026-10-08,euler-v2,Euler V2,Lending,41.3,3,2.3,15.5,98.1,,,10.3
2026-10-08,hyperlend-pooled,HyperLend Pooled,Lending,41.1,3,0.0,1.7,75.9,,,45.6
2026-10-08,rhea-lend,Rhea Lend,Lending,40.9,3,4.6,36.2,20.4,,,66.2
2026-10-08,mantle,Mantle,Chains,39.5,5,-1.2,71.2,10.3,18.8,41.2,56.0
2026-10-08,polygon-ecosystem-token,POL (ex-MATIC),Chains,39.2,4,-8.2,8.8,63.2,,33.8,51.2
2026-10-08,binancecoin,BNB,Chains,38.8,4,0.0,18.8,66.2,,43.8,26.2
2026-10-08,binance-staked-sol,Binance Staked SOL,Liquid Staking,38.6,3,-2.1,30.6,81.0,,,4.3
2026-10-08,polymarket-international,Polymarket International,Prediction Market,38.5,3,3.1,50.0,59.1,,,6.5
2026-10-08,clearstar,Clearstar,Risk Curators,38.4,3,2.8,54.2,31.8,,,29.2
2026-10-08,meth-protocol,mETH Protocol,Liquid Staking,38.1,3,1.9,33.9,36.2,,,44.3
2026-10-08,justlend-v1,JustLend V1,Lending,37.9,3,1.7,63.8,13.0,,,36.8
2026-10-08,quickswap-dex,Quickswap Dex,DEXs,37.8,3,1.8,2.4,41.7,,,69.4
2026-10-08,sanctum-infinity,Sanctum Infinity,DEXs,37.7,3,2.9,35.7,30.6,,,46.8
2026-10-08,ethereum,Ethereum,Chains,37.6,4,2.5,53.8,22.1,,61.2,13.1
2026-10-08,dydx-v4,dYdX V4,Derivatives,37.4,3,13.9,77.5,19.4,,,15.4
2026-10-08,crvusd,crvUSD,CDP,36.7,3,-13.3,30.0,50.0,,,30.0
2026-10-08,liquity-v1,Liquity V1,CDP,36.7,3,6.7,50.0,10.0,,,50.0
2026-10-08,binance-staked-eth,Binance staked ETH,Liquid Staking,35.9,3,-1.2,50.0,19.0,,,38.6
2026-10-08,the-open-network,Toncoin,Chains,35.2,4,-2.1,26.2,51.5,,3.8,59.5
2026-10-08,sthype,stHYPE,Liquid Staking,34.6,3,-0.2,11.3,22.4,,,70.0
2026-10-08,sunswap-v2,SUNSwap V2,DEXs,33.7,3,13.2,45.2,2.8,,,53.2
2026-10-08,cooler-loans,Cooler Loans,Lending,33.1,3,0.0,56.9,5.6,,,36.8
2026-10-08,venus-core-pool,Venus Core Pool,Lending,32.8,3,-2.3,25.9,24.1,,,48.5
2026-10-08,aave-v2,Aave V2,Lending,32.7,4,-10.8,29.3,38.9,,33.3,29.4
2026-10-08,gmx-v2-perps,GMX V2 Perps,Derivatives,32.6,3,0.8,57.5,25.0,,,15.4
2026-10-08,tron,TRON,Chains,32.5,4,4.1,48.8,69.1,,6.2,6.0
2026-10-08,grove-finance,Grove Finance,Onchain Capital Allocator,32.0,3,5.2,5.0,50.0,,,40.9
2026-10-08,wbtc,WBTC,Liquidity bridges,31.9,3,-0.6,48.0,8.3,,,39.3
2026-10-08,phantom-sol,Phantom SOL,Liquid Staking,31.3,3,1.7,21.0,50.0,,,22.9
2026-10-08,optimism,Optimism,Chains,31.2,5,-5.4,38.8,13.2,43.8,16.2,44.0
2026-10-08,lista-cdp,Lista CDP,CDP,30.0,3,6.7,10.0,70.0,,,10.0
2026-10-08,concrete,Concrete,Onchain Capital Allocator,28.8,3,5.3,45.0,27.8,,,13.6
2026-10-08,bitfi-basis,BitFi Basis,Basis Trading,28.7,3,0.0,27.8,8.3,,,50.0
2026-10-08,stader,Stader,Liquid Staking,27.8,3,-6.3,17.7,8.6,,,57.1
2026-10-08,k3-capital,K3 Capital,Risk Curators,27.5,3,-22.2,4.2,40.9,,,37.5
2026-10-08,stellar,Stellar,Chains,27.2,4,-4.2,46.2,19.1,,8.8,34.5
2026-10-08,compound-v2,Compound V2,Lending,27.1,3,-5.5,39.7,16.7,,,25.0
2026-10-08,ether.fi-liquid,ether.fi Liquid,Onchain Capital Allocator,26.9,3,1.0,25.0,5.6,,,50.0
2026-10-08,fluid-dex,Fluid DEX,DEXs,21.2,3,-9.7,21.4,8.3,,,33.9
2026-10-08,curve-dex,Curve DEX,DEXs,20.8,3,-10.0,26.2,25.0,,,11.3
2026-10-08,kinetiq-khype,Kinetiq kHYPE,Liquid Staking,20.6,3,-0.1,4.8,15.5,,,41.4
2026-10-08,derive-v2,Derive V2,Derivatives,19.3,3,-37.4,7.5,13.9,,,36.5
2026-10-08,pancakeswap-amm,PancakeSwap AMM,DEXs,16.9,3,-16.5,16.7,19.4,,,14.5
