snapshot_utc,protocol,market,chain,asset,deposits_usd,borrowed_usd,available_liquidity_usd,utilization,supply_apy,borrow_apy,highlighted
2026-10-05T03:52:30Z,Aave v3,Ethereum,Ethereum,WETH,5892128677,4768172377,979894673,0.8295,0.013738,0.020035,0
2026-10-05T03:52:30Z,Aave v3,Ethereum,Ethereum,weETH,4150339481,153502,4150185979,0.0,0.0,0.010059,0
2026-10-05T03:52:30Z,Aave v3,Ethereum,Ethereum,WBTC,2988418625,61929405,2926489093,0.0207,3.3e-05,0.003153,0
2026-10-05T03:52:30Z,Aave v3,Ethereum,Ethereum,USDT,2880164819,2697277032,182887785,0.9365,0.037638,0.044811,1
2026-10-05T03:52:30Z,Aave v3,Ethereum,Ethereum,wstETH,2668773118,64283910,2604489185,0.0241,5e-06,0.000301,0
2026-10-05T03:52:30Z,Aave v3,Ethereum,Ethereum,USDC,2406737830,2254390676,152347153,0.9367,0.037655,0.044821,1
2026-10-05T03:52:30Z,Morpho,cbBTC / USDC,Base,USDC,1687447179,1519406455,168040724,0.9004,0.044034,0.049021,0
2026-10-05T03:52:30Z,Aave v3,Ethereum,Ethereum,cbBTC,1505277461,10548303,1494729158,0.007,1e-05,0.002854,0
2026-10-05T03:52:30Z,Aave v3,Plasma,Plasma,USDT0,761949717,720010974,41938743,0.945,0.048036,0.053654,1
2026-10-05T03:52:30Z,Aave v3,Plasma,Plasma,USDe,573054125,31488695,541565430,0.0549,0.00273,0.068399,0
2026-10-05T03:52:30Z,Aave v3,Ethereum,Ethereum,USDe,554041088,16004219,538036858,0.0289,0.001433,0.068312,0
2026-10-05T03:52:30Z,Morpho,USDe / USDC,Base,USDC,389641588,350734573,38907014,0.9001,0.037192,0.041402,0
2026-10-05T03:52:30Z,Morpho,USDe / USDG,Robinhood Chain,USDG,352989056,313007150,39981905,0.8867,0.035684,0.040333,0
2026-10-05T03:52:30Z,Aave v3,Ethereum,Ethereum,osETH,349691119,22,349691097,0.0,0.0,0.0,0
2026-10-05T03:52:30Z,Morpho,cbBTC / USDC,Ethereum,USDC,336897415,302848417,34048998,0.8989,0.042802,0.047728,0
2026-10-05T03:52:30Z,Aave v3,Arbitrum,Arbitrum,WBTC,259604169,12966557,246637589,0.0499,0.000187,0.007526,0
2026-10-05T03:52:30Z,Aave v3,Arbitrum,Arbitrum,WETH,256591036,156633029,18765266,0.893,0.011142,0.021584,0
2026-10-05T03:52:30Z,Aave v3,Base,Base,cbBTC,250133679,7578871,242554807,0.0303,9.9e-05,0.006536,0
2026-10-05T03:52:30Z,Aave v3,Base,Base,WETH,235085672,194236647,40849021,0.8262,0.014612,0.020871,0
2026-10-05T03:52:30Z,Morpho,kBTC / RLUSD,Ethereum,RLUSD,235017432,212660961,22356471,0.9049,0.035687,0.039512,0
2026-10-05T03:52:30Z,Aave v3,Ethereum,Ethereum,LBTC,221603303,1474,221601830,0.0,0.0,1e-06,0
2026-10-05T03:52:30Z,Morpho,PRIME / PYUSD,Ethereum,PYUSD,210025139,191110759,18914380,0.9099,0.059122,0.065161,0
2026-10-05T03:52:30Z,Aave v3,Plasma,Plasma,sUSDe,208886284,0,208886284,0.0,0.0,0.0,0
2026-10-05T03:52:30Z,Aave v3,Ethereum Lido,Ethereum,wstETH,193923213,45980860,147942353,0.2371,0.000326,0.00145,0
2026-10-05T03:52:30Z,Aave v3,Avalanche,Avalanche,WAVAX,192938359,61219187,131712591,0.3173,0.007523,0.029967,0
2026-10-05T03:52:30Z,Morpho,cirBTC / USDC,Arc,USDC,192329980,192329976,4,1.0,0.011412,0.011412,1
2026-10-05T03:52:30Z,Aave v3,Base,Base,USDC,180809009,162643960,18165018,0.8995,0.038763,0.048097,0
2026-10-05T03:52:30Z,Aave v3,Arbitrum,Arbitrum,USDC,178598162,158436951,20160744,0.8871,0.03198,0.040215,0
2026-10-05T03:52:30Z,Aave v3,Monad,Monad,USDC,176595225,161574036,15021189,0.9149,0.041796,0.050982,1
2026-10-05T03:52:30Z,Aave v3,Mantle,Mantle,USDT0,163890288,147158413,16731876,0.8979,0.032775,0.040714,0
2026-10-05T03:52:30Z,Aave v3,Ethereum Horizon,Ethereum,RLUSD,159948006,91716348,68231658,0.5734,0.016575,0.032368,0
2026-10-05T03:52:30Z,Morpho,kBTC / PYUSD,Ethereum,PYUSD,155437769,131703011,23734757,0.8473,0.033785,0.039993,0
2026-10-05T03:52:30Z,Aave v3,Base,Base,cbETH,149423540,612467,148811073,0.0041,2e-06,0.000638,0
2026-10-05T03:52:30Z,Aave v3,Ethereum,Ethereum,tBTC,148597986,223823,148374161,0.0015,2e-06,0.002579,0
2026-10-05T03:52:30Z,Aave v3,Monad,Monad,syrupUSDC,146802191,0,146802191,0.0,0.0,0.0,0
2026-10-05T03:52:30Z,Aave v3,Ethereum,Ethereum,GHO,135206942,114714517,20492411,0.8484,0.0,0.046028,0
2026-10-05T03:52:30Z,Morpho,syrupUSDG / USDG,Robinhood Chain,USDG,132571995,117403907,15168087,0.8856,0.035686,0.040388,0
2026-10-05T03:52:30Z,Morpho,WBTC / USDC,Ethereum,USDC,129956701,115652488,14304213,0.8899,0.04281,0.048231,0
2026-10-05T03:52:30Z,Aave v3,Ethereum,Ethereum,DAI,129789437,116181669,13605068,0.8952,0.033202,0.049854,0
2026-10-05T03:52:30Z,Morpho,wstETH / USDT,Ethereum,USDT,128683213,119073520,9609692,0.9253,0.059847,0.06483,0
2026-10-05T03:52:30Z,Morpho,PT-reUSD-10DEC2026 / USDC,Ethereum,USDC,115620478,100295162,15325316,0.8675,0.070472,0.081669,0
2026-10-05T03:52:30Z,Aave v3,Ethereum,Ethereum,syrupUSDT,114613269,0,114613269,0.0,0.0,0.0,0
2026-10-05T03:52:30Z,Aave v3,Arbitrum,Arbitrum,weETH,114481532,5540,114475992,0.0,0.0,0.010062,0
2026-10-05T03:52:30Z,Aave v3,Ethereum,Ethereum,rETH,112979369,128905,112850464,0.0011,0.0,0.000177,0
2026-10-05T03:52:30Z,Aave v3,Ethereum,Ethereum,LINK,108326239,4534925,103791268,0.0419,0.000218,0.006533,0
2026-10-05T03:52:30Z,Morpho,weETH / RLUSD,Ethereum,RLUSD,107029416,94257634,12771783,0.8807,0.037524,0.042716,0
2026-10-05T03:52:30Z,Morpho,WETH / USDC,Base,USDC,103507568,93200434,10307134,0.9004,0.044353,0.049377,0
2026-10-05T03:52:30Z,Morpho,sUSDe / PYUSD,Ethereum,PYUSD,103429587,91469790,11959797,0.8844,0.036956,0.041889,0
2026-10-05T03:52:30Z,Aave v3,BNB,BSC,WBNB,102601162,2597667,100003494,0.0253,8e-05,0.003946,0
2026-10-05T03:52:30Z,Aave v3,Avalanche,Avalanche,BTC.b,101226646,5614287,95611746,0.0555,7.7e-05,0.002777,0
2026-10-05T03:52:30Z,Aave v3,Mantle,Mantle,sUSDe,96024639,0,96024639,0.0,0.0,0.0,0
2026-10-05T03:52:30Z,Aave v3,Ink,Ink,kBTC,93485686,192611,93293074,0.0021,8.3e-05,0.083485,0
2026-10-05T03:52:30Z,Aave v3,BNB,BSC,BTCB,91877461,910766,90966695,0.0099,5.2e-05,0.006563,0
2026-10-05T03:52:30Z,Morpho,wstETH / WETH,Ethereum,WETH,84640593,75139621,9500972,0.8877,0.018766,0.021164,0
2026-10-05T03:52:30Z,Morpho,WBTC / USDT,Ethereum,USDT,84627357,78321598,6305760,0.9255,0.060181,0.065181,0
2026-10-05T03:52:30Z,Aave v3,Polygon,Polygon,WBTC,72235734,2629500,69596756,0.0364,0.000124,0.006844,0
2026-10-05T03:52:30Z,Aave v3,Avalanche,Avalanche,USDC,72008444,66438705,5562117,0.9227,0.056992,0.069027,1
2026-10-05T03:52:30Z,Aave v3,Monad,Monad,USDe,69564837,247513,69317323,0.0036,0.000176,0.068237,0
2026-10-05T03:52:30Z,Aave v3,BNB,BSC,USDT,66808193,54214006,12594186,0.8115,0.029398,0.04047,0
2026-10-05T03:52:30Z,Aave v3,Ink,Ink,USDC,66574860,50192171,16382689,0.7539,0.043674,0.065027,0
2026-10-05T03:52:30Z,Aave v3,X Layer,X Layer,PT-USDG-29OCT2026,66248516,0,66248516,0.0,0.0,0.0,0
2026-10-05T03:52:30Z,Aave v3,Monad,Monad,PT-AUSD-8OCT2026,65478564,0,65478564,0.0,0.0,0.0,0
2026-10-05T03:52:30Z,Morpho,PST / PYUSD,Ethereum,PYUSD,64990801,58891282,6099519,0.9061,0.068895,0.076298,0
2026-10-05T03:52:30Z,Aave v3,Arbitrum,Arbitrum,wstETH,64844387,369791,61690838,0.006,0.0,3.6e-05,0
2026-10-05T03:52:30Z,Aave v3,X Layer,X Layer,USD₮0,64125320,56563710,7561611,0.8821,0.035633,0.045091,0
2026-10-05T03:52:30Z,Morpho,syrupUSDC / PYUSD,Ethereum,PYUSD,62633234,53045699,9587535,0.8469,0.037744,0.044716,0
2026-10-05T03:52:30Z,Morpho,cbXRP / USDC,Base,USDC,62534815,56273769,6261045,0.8999,0.055485,0.061846,0
2026-10-05T03:52:30Z,Morpho,sUSDS / USDT,Ethereum,USDT,61093879,54093059,7000820,0.8854,0.026925,0.030463,0
2026-10-05T03:52:30Z,Aave v3,Ethereum Horizon,Ethereum,GHO,60062713,30198632,29864081,0.5028,0.014813,0.033034,0
2026-10-05T03:52:30Z,Aave v3,Ethereum,Ethereum,XAUt,55964341,0,55964341,0.0,0.0,0.0,0
2026-10-05T03:52:30Z,Aave v3,Ethereum Lido,Ethereum,GHO,54428867,49034191,5394675,0.9009,0.034841,0.043145,1
2026-10-05T03:52:30Z,Aave v3,Monad,Monad,USDT0,51559265,47171278,4387987,0.9149,0.041791,0.050979,1
2026-10-05T03:52:30Z,Aave v3,Ethereum Lido,Ethereum,tETH,50666007,0,50666007,0.0,0.0,0.0,0
2026-10-05T03:52:30Z,Aave v3,Ethereum Lido,Ethereum,WETH,50272131,43370216,6901915,0.8627,0.014824,0.02027,0
2026-10-05T03:52:30Z,Aave v3,Base,Base,weETH,46042911,7866,46035045,0.0002,1e-06,0.01009,0
2026-10-05T03:52:30Z,Aave v3,Arbitrum,Arbitrum,USD₮0,45880214,39361084,6492367,0.8584,0.032934,0.04286,0
2026-10-05T03:52:30Z,Aave v3,Ethereum,Ethereum,EURC,45032371,28861803,16170568,0.6409,0.022849,0.039944,0
2026-10-05T03:52:30Z,Aave v3,Gnosis,Gnosis,wstETH,39704120,6954,39697166,0.0002,0.0,2.7e-05,0
2026-10-05T03:52:30Z,Morpho,wstETH / WETH,Monad,WETH,39566535,35645841,3920694,0.9009,0.016205,0.018004,0
2026-10-05T03:52:30Z,Morpho,mGLO / USDC,Base,USDC,38687093,34771159,3915935,0.8988,0.04979,0.055551,0
2026-10-05T03:52:30Z,Morpho,aHYPER / USDC,Monad,USDC,38063520,34205052,3858468,0.8986,0.08155,0.091157,0
2026-10-05T03:52:30Z,Aave v3,Plasma,Plasma,syrupUSDT,37202383,0,37202383,0.0,0.0,0.0,0
2026-10-05T03:52:30Z,Aave v3,Plasma,Plasma,PT-sUSDE-22OCT2026,36713208,0,36713208,0.0,0.0,0.0,0
2026-10-05T03:52:30Z,Aave v3,Polygon,Polygon,WETH,36368675,9189677,27178984,0.2527,0.003783,0.017736,0
2026-10-05T03:52:30Z,Morpho,weETH / USDC,Ethereum,USDC,35591920,32034129,3557791,0.9,0.043871,0.04886,0
2026-10-05T03:52:30Z,Morpho,PST / USDC,Ethereum,USDC,34824608,30339354,4485253,0.8712,0.057585,0.066375,0
2026-10-05T03:52:30Z,Aave v3,Mantle,Mantle,syrupUSDT,33872053,0,33872053,0.0,0.0,0.0,0
2026-10-05T03:52:30Z,Aave v3,Mantle,Mantle,USDe,33867945,17509,33850436,0.0005,2.6e-05,0.068228,0
2026-10-05T03:52:30Z,Morpho,USDe / RLUSD,Ethereum,RLUSD,33315514,30139994,3175520,0.9047,0.032675,0.036179,0
2026-10-05T03:52:30Z,Morpho,wstETH / USDC,Ethereum,USDC,32463477,29217664,3245813,0.9,0.042787,0.047652,0
2026-10-05T03:52:30Z,Morpho,weETH / PYUSD,Ethereum,PYUSD,32405859,29283715,3122143,0.9037,0.054076,0.060011,0
2026-10-05T03:52:30Z,Morpho,mGLO / USDG,Robinhood Chain,USDG,32275503,29156335,3119168,0.9034,0.049608,0.055059,0
2026-10-05T03:52:30Z,Morpho,wstETH / WETH,Ethereum,WETH,31555761,28361376,3194386,0.8988,0.018372,0.020463,0
2026-10-05T03:52:30Z,Aave v3,Polygon,Polygon,USDT0,30985764,20208216,10774068,0.6523,0.032418,0.067399,0
2026-10-05T03:52:30Z,Aave v3,Base,Base,wstETH,28994906,1165319,27829587,0.0402,9e-06,0.000246,0
2026-10-05T03:52:30Z,Aave v3,Polygon,Polygon,USDC,28820615,17095572,11725036,0.5932,0.028548,0.061112,0
2026-10-05T03:52:30Z,Aave v3,Optimism,Optimism,wstETH,28755420,160516,28594904,0.0056,1.6e-05,0.003063,0
2026-10-05T03:52:30Z,Aave v3,Avalanche,Avalanche,WETH.e,27721229,16710855,11010352,0.6028,0.008617,0.016886,0
2026-10-05T03:52:30Z,Aave v3,Monad,Monad,mUSD,27119709,19449039,7670670,0.7172,0.029353,0.045842,0
2026-10-05T03:52:30Z,Aave v3,Avalanche,Avalanche,USDt,26702065,23763866,2735796,0.8968,0.03574,0.044817,0
2026-10-05T03:52:30Z,Morpho,PT-USD3-17DEC2026 / USDC,Ethereum,USDC,25300911,23015921,2284989,0.9097,0.095684,0.105669,0
2026-10-05T03:52:30Z,Morpho,mF-ONE / USDC,Ethereum,USDC,24512027,20911833,3600195,0.8531,0.055644,0.065531,0
2026-10-05T03:52:30Z,Morpho,WBTC / RLUSD,Ethereum,RLUSD,24329893,16962699,7367194,0.6972,0.018039,0.025975,0
2026-10-05T03:52:30Z,Aave v3,Optimism,Optimism,WETH,23220416,17075392,6144817,0.7354,0.011299,0.018138,0
2026-10-05T03:52:30Z,Morpho,wFalconX / USDC,Ethereum,USDC,23108554,20659632,2448922,0.894,0.049515,0.055545,0
2026-10-05T03:52:30Z,Morpho,PT-USDat-14JAN2027 / USDC,Monad,USDC,22994649,20851201,2143449,0.9068,0.071667,0.07932,0
2026-10-05T03:52:30Z,Aave v3,Plasma,Plasma,GHO,22765825,19216087,3549738,0.8441,0.03642,0.045622,0
2026-10-05T03:52:30Z,Morpho,mWIN / PYUSD,Ethereum,PYUSD,22218694,20008022,2210672,0.9005,0.01259,0.01399,0
2026-10-05T03:52:30Z,Aave v3,Monad,Monad,GHO,21941003,17577709,4363295,0.8011,0.03189,0.044501,0
2026-10-05T03:52:30Z,Morpho,fxSAVE / USDC,Ethereum,USDC,21123798,18395432,2728366,0.8708,0.035645,0.041039,0
2026-10-05T03:52:30Z,Aave v3,BNB,BSC,ETH,20930519,9531918,11398600,0.4554,0.005524,0.014333,0
2026-10-05T03:52:30Z,Morpho,USD3 / USDC,Ethereum,USDC,20420388,18667762,1752626,0.9142,0.102432,0.112572,0
2026-10-05T03:52:30Z,Aave v3,X Layer,X Layer,xETH,20152138,5050871,15101267,0.2506,0.001484,0.006986,0
2026-10-05T03:52:30Z,Morpho,kHYPE / WHYPE,HyperEVM,WHYPE,19275965,11466680,7809285,0.5949,0.01228,0.02073,0
2026-10-05T03:52:30Z,Morpho,cbBTC / USDT,Ethereum,USDT,17841866,16151183,1690683,0.9052,0.038152,0.042229,0
2026-10-05T03:52:30Z,Aave v3,Ethereum,Ethereum,cbETH,17281231,59580,17221651,0.0034,2e-06,0.000536,0
2026-10-05T03:52:30Z,Aave v3,Gnosis,Gnosis,EURe,17045867,11519938,5525929,0.6758,0.023099,0.038259,0
2026-10-05T03:52:30Z,Aave v3,X Layer,X Layer,WOKB,16501333,0,16501333,0.0,0.0,0.0,0
2026-10-05T03:52:30Z,Aave v3,Optimism,Optimism,WBTC,16355025,934753,15420269,0.0572,0.000225,0.007889,0
2026-10-05T03:52:30Z,Morpho,sthUSD / USDT0,Stable,USDT0,16193822,14684039,1509783,0.9068,0.081409,0.090188,0
2026-10-05T03:52:30Z,Morpho,cbETH / USDC,Base,USDC,15892015,14191431,1700584,0.893,0.043299,0.048611,0
2026-10-05T03:52:30Z,Morpho,weETH / WETH,Ethereum,WETH,15486155,14375192,1110962,0.9283,0.040358,0.043544,0
2026-10-05T03:52:30Z,Morpho,PT-sUSDS-26NOV2026 / USDC,Ethereum,USDC,15456290,13104714,2351575,0.8479,0.035815,0.042377,0
2026-10-05T03:52:30Z,Morpho,apyUSD / USDC,Ethereum,USDC,15253266,12683396,2569870,0.8315,0.037595,0.045383,0
2026-10-05T03:52:30Z,Morpho,dCOMP / USDC,Ethereum,USDC,14796173,13288994,1507179,0.8981,0.088295,0.098789,0
2026-10-05T03:52:30Z,Morpho,cbBTC / EURCV,Ethereum,EURCV,14793755,13107908,1685846,0.886,0.016896,0.019089,0
2026-10-05T03:52:30Z,Aave v3,Ink,Ink,WETH,14549818,356850,14192967,0.0245,0.000423,0.020479,0
2026-10-05T03:52:30Z,Morpho,strUSD / USDC,Ethereum,USDC,14498315,12763081,1735234,0.8803,0.066358,0.075714,0
2026-10-05T03:52:30Z,Morpho,cbBTC / RLUSD,Ethereum,RLUSD,13270063,11608109,1661954,0.8748,0.034285,0.039289,0
2026-10-05T03:52:30Z,Aave v3,Ethereum,Ethereum,USDtb,13253056,10670114,2582941,0.8051,0.034567,0.054179,0
2026-10-05T03:52:30Z,Morpho,spUSDG / USDG,Robinhood Chain,USDG,13177808,11870264,1307544,0.9008,0.027255,0.030302,0
2026-10-05T03:52:30Z,Aave v3,Polygon,Polygon,wstETH,13171504,20083,13151420,0.0015,4e-06,0.002656,0
2026-10-05T03:52:30Z,Aave v3,Ink,Ink,USD₮0,12955131,11335174,1619957,0.875,0.031096,0.039653,0
2026-10-05T03:52:30Z,Aave v3,BNB,BSC,USDC,12948525,11212014,1736510,0.8659,0.03354,0.043241,0
2026-10-05T03:52:30Z,Morpho,wstETH / USDC,Ethereum,USDC,12773359,11499396,1273963,0.9003,0.043874,0.048852,0
2026-10-05T03:52:30Z,Morpho,steakEURCV / USDC,Ethereum,USDC,12197751,10978515,1219236,0.9,0.043868,0.048857,0
2026-10-05T03:52:30Z,Morpho,wsrUSD / USDC,Ethereum,USDC,11986723,10840531,1146192,0.9044,0.059238,0.065703,0
2026-10-05T03:52:30Z,Morpho,sUSDS / USDT,Ethereum,USDT,11903131,11017690,885441,0.9256,0.059822,0.064782,0
2026-10-05T03:52:30Z,Morpho,PT-USDat-14JAN2027 / USDT,Ethereum,USDT,11492993,10062315,1430678,0.8755,0.048879,0.056021,0
2026-10-05T03:52:30Z,Morpho,OETH / USDC,Ethereum,USDC,11305715,9522162,1783553,0.8422,0.059193,0.070663,0
2026-10-05T03:52:30Z,Aave v3,Monad,Monad,AUSD,11142498,8575666,2566832,0.7696,0.03388,0.049278,0
2026-10-05T03:52:30Z,Aave v3,MegaETH,MegaETH,stcUSD,11018294,0,11018294,0.0,0.0,0.0,0
2026-10-05T03:52:30Z,Aave v3,Optimism,Optimism,USDC,10817200,9301355,1515157,0.8599,0.030018,0.038958,0
2026-10-05T03:52:30Z,Morpho,WHYPE / USDC,HyperEVM,USDC,10503998,8997113,1506886,0.8565,0.044503,0.052148,0
2026-10-05T03:52:30Z,Aave v3,Mantle,Mantle,FBTC,10252432,0,10252432,0.0,0.0,0.0,0
2026-10-05T03:52:30Z,Morpho,reUSD / USDC,Ethereum,USDC,10165047,9142525,1022523,0.8994,0.053651,0.059827,0
2026-10-05T03:52:30Z,Morpho,stUSDS / USDC,Ethereum,USDC,10075732,8128586,1947146,0.8067,0.033949,0.042251,0
2026-10-05T03:52:30Z,Morpho,cbETH / WETH,Base,WETH,9970142,8962623,1007519,0.8989,0.014894,0.016582,0
2026-10-05T03:52:30Z,Morpho,wstETH / EURCV,Ethereum,EURCV,9636316,8678454,957862,0.9006,0.018194,0.020222,0
2026-10-05T03:52:30Z,Morpho,kHYPE / USDC,HyperEVM,USDC,9420670,7797858,1622812,0.8277,0.042133,0.051122,0
2026-10-05T03:52:30Z,Morpho,WETH / USDC,Ethereum,USDC,9411444,8458310,953134,0.8987,0.043868,0.048931,0
2026-10-05T03:52:30Z,Morpho,siUSD / USDC,Ethereum,USDC,8914079,7185710,1728370,0.8061,0.05419,0.067657,0
2026-10-05T03:52:30Z,Morpho,mM1-USD / USDC,Ethereum,USDC,8886514,7768309,1118205,0.8742,0.073056,0.084003,0
2026-10-05T03:52:30Z,Aave v3,Ethereum,Ethereum,USDS,8805774,337448,8468326,0.0383,0.001591,0.056871,0
2026-10-05T03:52:30Z,Morpho,AA_FalconXUSDC / USDC,Ethereum,USDC,8543417,6496509,2046907,0.7604,0.041296,0.054659,0
2026-10-05T03:52:30Z,Morpho,FXRP / RLUSD,Ethereum,RLUSD,8534387,7238288,1296099,0.8481,0.043526,0.051517,0
2026-10-05T03:52:30Z,Morpho,earnAUSD / USDC,Monad,USDC,8431604,7312578,1119026,0.8673,0.053278,0.061678,0
2026-10-05T03:52:30Z,Morpho,PT-reUSD-10DEC2026 / USDT,Ethereum,USDT,8314593,6936799,1377794,0.8343,0.059571,0.071819,0
2026-10-05T03:52:30Z,Aave v3,Polygon,Polygon,WPOL,8112290,2094394,6017042,0.2582,0.003562,0.017363,0
2026-10-05T03:52:30Z,Aave v3,Ethereum,Ethereum,PYUSD,8108134,6801277,1306853,0.8388,0.036339,0.048416,0
2026-10-05T03:52:30Z,Morpho,wstETH / WETH,Base,WETH,8041875,7231815,810060,0.8993,0.015127,0.016836,0
2026-10-05T03:52:30Z,Morpho,vbWBTC / vbUSDC,Katana,vbUSDC,7940974,6887776,1053198,0.8674,0.022665,0.026176,0
2026-10-05T03:52:30Z,Morpho,wUSCC / USDC,Ethereum,USDC,7832202,7077165,755037,0.9036,0.047444,0.052637,0
2026-10-05T03:52:30Z,Aave v3,Gnosis,Gnosis,GNO,7828329,673679,7154555,0.0861,0.001111,0.016266,0
2026-10-05T03:52:30Z,Morpho,kHYPE / USDC,HyperEVM,USDC,7709071,6585973,1123098,0.8543,0.044318,0.05207,0
2026-10-05T03:52:30Z,Morpho,PT-sUSDE-26NOV2026 / USDC,Ethereum,USDC,7676026,6989324,686702,0.9105,0.04238,0.04664,0
2026-10-05T03:52:30Z,Morpho,SOL / USDC,Base,USDC,7479288,6542380,936908,0.8747,0.047344,0.054305,0
2026-10-05T03:52:30Z,Aave v3,Base,Base,EURC,7445656,4023144,3422512,0.5403,0.022139,0.046057,0
2026-10-05T03:52:30Z,Aave v3,Monad,Monad,WETH,7368909,5976745,1392163,0.8111,0.013762,0.020024,0
2026-10-05T03:52:30Z,Morpho,PT-apyUSD-5NOV2026 / apxUSD,Ethereum,apxUSD,7325532,5677184,1648348,0.775,0.087499,0.11431,0
2026-10-05T03:52:30Z,Aave v3,Linea,Linea,WETH,7308512,5368264,1940247,0.7345,0.01282,0.020613,0
2026-10-05T03:52:30Z,Morpho,savUSD / USDC,Ethereum,USDC,7231376,6417732,813644,0.8875,0.062055,0.070193,0
2026-10-05T03:52:30Z,Morpho,strUSD / AUSD,Monad,AUSD,6741446,6134721,606725,0.91,0.05251,0.057851,0
2026-10-05T03:52:30Z,Morpho,PT-apyUSD-5NOV2026 / USDC,Ethereum,USDC,6610085,5352773,1257313,0.8098,0.044998,0.055858,0
2026-10-05T03:52:30Z,Aave v3,Ink,Ink,SolvBTC,6599854,0,6599854,0.0,0.0,0.0,0
2026-10-05T03:52:30Z,Aave v3,Ethereum,Ethereum,eBTC,6506213,0,6506213,0.0,0.0,0.0,0
2026-10-05T03:52:30Z,Aave v3,MegaETH,MegaETH,USDm,6474290,5973689,500601,0.9227,0.056931,0.06895,0
2026-10-05T03:52:30Z,Aave v3,Monad,Monad,weETH,6354485,0,6354485,0.0,0.0,0.0,0
2026-10-05T03:52:30Z,Aave v3,Ethereum,Ethereum,USDG,6351129,4433293,1917836,0.698,0.024662,0.044593,0
2026-10-05T03:52:30Z,Morpho,sUSDai / AUSD,Ethereum,AUSD,6332960,5758876,574084,0.9093,0.050401,0.055565,0
2026-10-05T03:52:30Z,Morpho,sUSDat / AUSD,Ethereum,AUSD,6326355,5694831,631525,0.9002,0.102068,0.114009,0
2026-10-05T03:52:30Z,Morpho,WBTC / USDT,Ethereum,USDT,6198233,5610315,587918,0.9051,0.038152,0.042233,0
2026-10-05T03:52:30Z,Morpho,apyUSD / apxUSD,Ethereum,apxUSD,6131598,5472790,658808,0.8926,0.073219,0.082387,0
2026-10-05T03:52:30Z,Morpho,mROX / AUSD,Monad,AUSD,5924611,5542629,381982,0.9355,0.064738,0.069351,0
2026-10-05T03:52:30Z,Morpho,wJAAA / USDC,Ethereum,USDC,5868919,5290140,578779,0.9014,0.03603,0.04005,0
2026-10-05T03:52:30Z,Aave v3,Gnosis,Gnosis,sDAI,5825228,0,5825228,0.0,0.0,0.0,0
2026-10-05T03:52:30Z,Morpho,kHYPE / USD₮0,HyperEVM,USD₮0,5791876,5085089,706787,0.878,0.077419,0.088644,0
2026-10-05T03:52:30Z,Aave v3,X Layer,X Layer,USDC,5720952,4806456,914496,0.8401,0.032273,0.042902,0
2026-10-05T03:52:30Z,Morpho,PRIME / AUSD,Ethereum,AUSD,5605893,5081929,523964,0.9065,0.040432,0.044693,0
2026-10-05T03:52:30Z,Morpho,weETH / vbETH,Katana,vbETH,5564474,4867308,697166,0.8747,0.029789,0.034128,0
2026-10-05T03:52:30Z,Aave v3,Ethereum Lido,Ethereum,USDC,5519347,4115409,1403936,0.7456,0.030365,0.045584,0
2026-10-05T03:52:30Z,Morpho,sUSDai / USDT,Ethereum,USDT,5448751,4923869,524882,0.9037,0.043875,0.048666,0
2026-10-05T03:52:30Z,Aave v3,Ink,Ink,syrupUSDT,5436104,0,5436104,0.0,0.0,0.0,0
2026-10-05T03:52:30Z,Morpho,WBTC / EURCV,Ethereum,EURCV,5288556,4753644,534912,0.8989,0.017775,0.019794,0
2026-10-05T03:52:30Z,Morpho,mGLOeuro / EURCV,Ethereum,EURCV,5167925,4720208,447717,0.9134,0.030418,0.033351,0
2026-10-05T03:52:30Z,Morpho,syrupUSDC / RLUSD,Ethereum,RLUSD,4812240,4119802,692438,0.8561,0.037538,0.043984,0
2026-10-05T03:52:30Z,Morpho,PT-sUSDS-26NOV2026 / USDT,Ethereum,USDT,4738988,4300226,438762,0.9074,0.054251,0.05995,0
2026-10-05T03:52:30Z,Morpho,weETH / USDT,Ethereum,USDT,4719501,4293001,426500,0.9096,0.043325,0.04773,0
2026-10-05T03:52:30Z,Aave v3,Arbitrum,Arbitrum,LINK,4700737,93717,4607016,0.0199,4.9e-05,0.003106,0
2026-10-05T03:52:30Z,Morpho,PT-AUSD-8OCT2026 / USDC,Monad,USDC,4652320,3566843,1085477,0.7667,0.031076,0.040724,0
2026-10-05T03:52:30Z,Morpho,PST / AUSD,Ethereum,AUSD,4502714,4066957,435757,0.9032,0.053761,0.05969,0
2026-10-05T03:52:30Z,Morpho,WHYPE / USD₮0,HyperEVM,USD₮0,4472137,4090144,381993,0.9146,0.120755,0.132752,0
2026-10-05T03:52:30Z,Morpho,v-wmtUSDC / USDC,Ethereum,USDC,4348060,3887534,460526,0.8941,0.059493,0.066772,0
2026-10-05T03:52:30Z,Morpho,savETH / WETH,Ethereum,WETH,4313293,3489768,823525,0.8091,0.027491,0.034089,0
2026-10-05T03:52:30Z,Morpho,sUSDai / AUSD,Ethereum,AUSD,4300258,3914814,385443,0.9104,0.063452,0.069913,0
2026-10-05T03:52:30Z,Aave v3,Arbitrum,Arbitrum,ARB,4278793,338454,3939797,0.0791,0.000779,0.012382,0
2026-10-05T03:52:30Z,Morpho,cbBTC / EURC,Base,EURC,4267253,3894048,373205,0.9125,0.041239,0.045279,0
2026-10-05T03:52:30Z,Morpho,mHyperBTC / cbBTC,Monad,cbBTC,4166186,3768286,397901,0.9045,0.041953,0.046485,0
2026-10-05T03:52:30Z,Aave v3,Optimism,Optimism,USDT,4072195,3396914,673919,0.8345,0.031101,0.041639,0
2026-10-05T03:52:30Z,Morpho,PT-AUSD-8OCT2026 / mUSD,Monad,mUSD,3824811,2924021,900790,0.7645,0.027962,0.036733,0
2026-10-05T03:52:30Z,Morpho,JitoSOL / USDC,Base,USDC,3804297,3319922,484376,0.8727,0.050636,0.058235,0
2026-10-05T03:52:30Z,Morpho,aHyperBTC / cbBTC,Monad,cbBTC,3627485,3153438,474048,0.8693,0.009489,0.010923,0
2026-10-05T03:52:30Z,Aave v3,Ethereum,Ethereum,PT-srUSDe-22OCT2026,3525684,0,3525684,0.0,0.0,0.0,0
2026-10-05T03:52:30Z,Morpho,v-wmtUSDT / USDT,Ethereum,USDT,3512945,3167820,345125,0.9018,0.067583,0.07522,0
2026-10-05T03:52:30Z,Morpho,PT-sUSDS-26NOV2026 / USDS,Ethereum,USDS,3375259,2260624,1114635,0.6698,0.020819,0.031244,0
2026-10-05T03:52:30Z,Aave v3,X Layer,X Layer,xBETH,3334650,0,3334650,0.0,0.0,0.0,0
2026-10-05T03:52:30Z,Aave v3,Polygon,Polygon,DAI,3333041,2669115,663866,0.8008,0.049273,0.083376,0
2026-10-05T03:52:30Z,Morpho,PT-earnAUSD-8OCT2026 / USDC,Monad,USDC,3304408,2888377,416031,0.8741,0.075428,0.086751,0
2026-10-05T03:52:30Z,Morpho,cbBTC / EURCV,Ethereum,EURCV,3300994,2973628,327366,0.9008,0.018209,0.020234,0
2026-10-05T03:52:30Z,Aave v3,Ethereum,Ethereum,RLUSD,3185785,2220712,965074,0.6971,0.026432,0.047895,0
2026-10-05T03:52:30Z,Morpho,sUSN / USDC,Base,USDC,3147073,2878934,268140,0.9148,0.05514,0.060428,0
2026-10-05T03:52:30Z,Morpho,rETH / USDC,Ethereum,USDC,3129785,2816012,313773,0.8997,0.040441,0.045047,0
2026-10-05T03:52:30Z,Morpho,PT-apxUSD-5NOV2026 / USDC,Ethereum,USDC,3080112,2244252,835860,0.7286,0.024678,0.034024,0
2026-10-05T03:52:30Z,Aave v3,Avalanche,Avalanche,DAI.e,3073698,2290929,778953,0.7463,0.023446,0.04233,0
2026-10-05T03:52:30Z,Aave v3,Ethereum Horizon,Ethereum,USDC,3072113,2620996,451117,0.8532,0.049077,0.064385,0
2026-10-05T03:52:30Z,Morpho,cbBTC / USDS,Ethereum,USDS,3055321,2810909,244411,0.92,0.047802,0.052065,0
2026-10-05T03:52:30Z,Morpho,mHyperBTC / USDC,Ethereum,USDC,3014842,2484812,530031,0.8242,0.072679,0.088854,0
2026-10-05T03:52:30Z,Morpho,EUTBL / EURCV,Ethereum,EURCV,2939296,2646364,292932,0.9003,0.015912,0.017689,0
2026-10-05T03:52:30Z,Aave v3,Linea,Linea,weETH,2896766,0,2896766,0.0,0.0,0.0,0
2026-10-05T03:52:30Z,Morpho,reUSD / USDT,Ethereum,USDT,2872266,2437204,435062,0.8485,0.05406,0.064013,0
2026-10-05T03:52:30Z,Morpho,wstETH / WETH,OP Mainnet,WETH,2858654,2431254,427400,0.8505,0.011154,0.013128,0
2026-10-05T03:52:30Z,Morpho,XAUt / USDT,Ethereum,USDT,2799142,2540698,258444,0.9077,0.053139,0.0587,0
2026-10-05T03:52:30Z,Morpho,cbDOGE / USDC,Base,USDC,2796015,2484945,311070,0.8887,0.055413,0.062562,0
2026-10-05T03:52:30Z,Morpho,wstETH / USDT,Ethereum,USDT,2786168,2522723,263445,0.9054,0.038152,0.042219,0
2026-10-05T03:52:30Z,Morpho,PT-USDai-15OCT2026 / USDC,Arbitrum One,USDC,2658944,2402027,256918,0.9034,0.057714,0.064081,0
2026-10-05T03:52:30Z,Morpho,savUSD / USDC,Base,USDC,2651242,2418927,232315,0.9124,0.068517,0.07534,0
2026-10-05T03:52:30Z,Morpho,cbADA / USDC,Base,USDC,2605102,2346535,258567,0.9007,0.056981,0.063455,0
2026-10-05T03:52:30Z,Aave v3,Mantle,Mantle,USDC,2589398,2175687,413711,0.8402,0.028642,0.038049,0
2026-10-05T03:52:30Z,Morpho,siUSD / msUSD,Ethereum,msUSD,2499911,2249921,249990,0.9,0.017319,0.019262,0
2026-10-05T03:52:30Z,Morpho,wstETH / USDC,Base,USDC,2358009,2123496,234514,0.9005,0.044111,0.0491,0
2026-10-05T03:52:30Z,Aave v3,X Layer,X Layer,xSOL,2347112,1580596,766516,0.6734,0.024385,0.042987,0
2026-10-05T03:52:30Z,Aave v3,Polygon,Polygon,LINK,2200472,89942,2110526,0.0409,0.000208,0.006378,0
2026-10-05T03:52:30Z,Morpho,WBTC / USDC,Arbitrum One,USDC,2132115,1761198,370917,0.826,0.024875,0.030192,0
2026-10-05T03:52:30Z,Morpho,LBTC / USDC,Ethereum,USDC,2114013,1715664,398349,0.8116,0.045505,0.056363,0
2026-10-05T03:52:30Z,Aave v3,Celo,Celo,USD₮,2107783,553383,1554400,0.2625,0.002454,0.011737,0
2026-10-05T03:52:30Z,Aave v3,Gnosis,Gnosis,USDC.e,2069917,1782600,287317,0.8612,0.033171,0.043002,0
2026-10-05T03:52:30Z,Morpho,weETH / USDT,Ethereum,USDT,2065172,1878379,186793,0.9096,0.043765,0.04822,0
2026-10-05T03:52:30Z,Morpho,PT-trUSD-26NOV2026 / USDC,Ethereum,USDC,2063310,1871487,191823,0.907,0.088695,0.09822,0
2026-10-05T03:52:30Z,Morpho,CarryTradeUSDTRYLeverage / USDC,Ethereum,USDC,2059453,1774380,285073,0.8616,0.097134,0.113596,0
2026-10-05T03:52:30Z,Morpho,sUSDe / DAI,Ethereum,DAI,2006495,1288410,718085,0.6421,0.026376,0.041377,0
2026-10-05T03:52:30Z,Morpho,wstETH / EURCV,Ethereum,EURCV,2000026,1802647,197380,0.9013,0.018435,0.020474,0
2026-10-05T03:52:30Z,Morpho,yvvbETH / vbUSDC,Katana,vbUSDC,1956882,1710717,246165,0.8742,0.030694,0.035188,0
2026-10-05T03:52:30Z,Aave v3,Celo,Celo,WETH,1956080,166549,1789531,0.0851,0.000185,0.002558,0
2026-10-05T03:52:30Z,Morpho,cbBTC / PYUSD,Ethereum,PYUSD,1928267,1580859,347407,0.8198,0.031854,0.03899,0
2026-10-05T03:52:30Z,Morpho,aHyperBTC / USDC,Monad,USDC,1894859,1724433,170426,0.9101,0.055174,0.060794,0
2026-10-05T03:52:30Z,Aave v3,Ethereum,Ethereum,LUSD,1889727,631106,1258613,0.334,0.005592,0.021092,0
2026-10-05T03:52:30Z,Morpho,etrUSD / USDC,Ethereum,USDC,1864388,1680919,183470,0.9016,0.067327,0.074946,0
2026-10-05T03:52:30Z,Morpho,aguaUSDCgc / USDC,Ethereum,USDC,1824387,1661071,163316,0.9105,0.060463,0.066602,0
2026-10-05T03:52:30Z,Aave v3,X Layer,X Layer,xBTC,1820023,127936,1692086,0.0703,0.000153,0.002419,0
2026-10-05T03:52:30Z,Morpho,naccUSDC / AUSD,Monad,AUSD,1818067,1646271,171796,0.9055,0.074967,0.083108,0
2026-10-05T03:52:30Z,Morpho,PT-USDat-14JAN2027 / USDC,Ethereum,USDC,1806079,1452512,353567,0.8042,0.040139,0.050151,0
2026-10-05T03:52:30Z,Aave v3,Base,Base,LBTC,1799055,0,1799055,0.0,0.0,0.0,0
2026-10-05T03:52:30Z,Morpho,WBTC / EURCV,Ethereum,EURCV,1781443,1604195,177249,0.9005,0.018192,0.020222,0
2026-10-05T03:52:30Z,Morpho,srRoyUSDC / USDC,Ethereum,USDC,1778600,1499981,278618,0.8433,0.078555,0.093812,0
2026-10-05T03:52:30Z,Morpho,lstHYPE / WHYPE,HyperEVM,WHYPE,1763431,1185691,577740,0.6724,0.040612,0.061004,0
2026-10-05T03:52:30Z,Morpho,cbETH / USDC,Base,USDC,1714667,1545794,168873,0.9015,0.044129,0.049066,0
2026-10-05T03:52:30Z,Aave v3,Ink,Ink,USDG,1696843,417161,1279682,0.2458,0.01459,0.067653,0
2026-10-05T03:52:30Z,Morpho,weETH / WETH,Base,WETH,1644776,1338904,305871,0.814,0.013351,0.016426,0
2026-10-05T03:52:30Z,Morpho,cbXRP / USDC,Base,USDC,1588888,1246222,342665,0.7843,0.039507,0.050641,0
2026-10-05T03:52:30Z,Morpho,WBTC / EURC,Ethereum,EURC,1584734,1344563,240171,0.8484,0.023271,0.027485,0
2026-10-05T03:52:30Z,Morpho,PRIME / USDC,Ethereum,USDC,1534197,1383557,150640,0.9018,0.04552,0.050601,0
2026-10-05T03:52:30Z,Aave v3,Mantle,Mantle,GHO,1513399,716207,797192,0.4732,0.015353,0.036422,0
2026-10-05T03:52:30Z,Morpho,WBTC / USDC,Ethereum,USDC,1513139,1352850,160289,0.8941,0.042799,0.04799,0
2026-10-05T03:52:30Z,Morpho,sUSDe / USDtb,Ethereum,USDtb,1499330,914951,584379,0.6102,0.022856,0.037727,0
2026-10-05T03:52:30Z,Aave v3,Base,Base,GHO,1463095,1333179,129916,0.9112,0.086373,0.106299,0
2026-10-05T03:52:30Z,Aave v3,Avalanche,Avalanche,EURC,1438555,803227,634210,0.5588,0.017308,0.034738,0
2026-10-05T03:52:30Z,Morpho,SolvBTC / WBTC,Ethereum,WBTC,1433374,1297314,136060,0.9051,0.001231,0.00136,0
2026-10-05T03:52:30Z,Morpho,WHYPE / USDC,HyperEVM,USDC,1430165,1120142,310024,0.7832,0.037999,0.048768,0
2026-10-05T03:52:30Z,Aave v3,X Layer,X Layer,USDG,1421970,1012454,409516,0.712,0.025997,0.040863,0
2026-10-05T03:52:30Z,Morpho,WBTC / PYUSD,Ethereum,PYUSD,1409537,1077027,332511,0.7641,0.029651,0.038982,0
2026-10-05T03:52:30Z,Morpho,wstETH / RLUSD,Ethereum,RLUSD,1383648,1266774,116874,0.9155,0.063826,0.069919,0
2026-10-05T03:52:30Z,Morpho,wstETH / USDS,Ethereum,USDS,1323627,1217475,106152,0.9198,0.053829,0.058658,0
2026-10-05T03:52:30Z,Morpho,sUSN / USDC,Ethereum,USDC,1321495,1194159,127336,0.9036,0.084917,0.094388,0
2026-10-05T03:52:30Z,Aave v3,Ethereum,Ethereum,BTC.b,1318891,0,1318891,0.0,0.0,0.0,0
2026-10-05T03:52:30Z,Morpho,nvPRIME / USDC,Ethereum,USDC,1294128,1165494,128634,0.9006,0.04779,0.053209,0
2026-10-05T03:52:30Z,Aave v3,Linea,Linea,USDC,1263183,1118208,144974,0.8852,0.035081,0.044228,0
2026-10-05T03:52:30Z,Aave v3,Plasma,Plasma,WXPL,1249460,0,1249460,0.0,0.0,0.0,0
2026-10-05T03:52:30Z,Morpho,wstETH / USDC,Arbitrum One,USDC,1234244,1066780,167464,0.8643,0.026276,0.030463,0
2026-10-05T03:52:30Z,Morpho,cbLTC / USDC,Base,USDC,1233240,1098809,134431,0.891,0.056603,0.063744,0
2026-10-05T03:52:30Z,Morpho,cirBTC / EURC,Arc,EURC,1204460,1194605,9855,0.9918,0.037473,0.037788,0
2026-10-05T03:52:30Z,Morpho,sUSDai / frxUSD,Ethereum,frxUSD,1179407,1020739,158668,0.8655,0.027445,0.031779,0
2026-10-05T03:52:30Z,Morpho,cbZEC / USDC,Base,USDC,1173077,1072581,100496,0.9143,0.055205,0.060532,0
2026-10-05T03:52:30Z,Aave v3,Base,Base,AAVE,1153000,0,1153000,0.0,0.0,0.0,0
2026-10-05T03:52:30Z,Morpho,UBTC / USD₮0,HyperEVM,USD₮0,1140307,1040466,99842,0.9124,0.114459,0.126108,0
2026-10-05T03:52:30Z,Morpho,wstETH / EURC,Base,EURC,1131550,1026390,105160,0.9071,0.037138,0.04102,0
2026-10-05T03:52:30Z,Aave v3,Linea,Linea,ezETH,1118352,0,1118352,0.0,0.0,0.0,0
2026-10-05T03:52:30Z,Morpho,PT-fxSAVE-29OCT2026 / USDC,Ethereum,USDC,1102037,991111,110926,0.8993,0.032115,0.035772,0
2026-10-05T03:52:30Z,Morpho,wstETH / WETH,Unichain,WETH,1061243,698297,362946,0.658,0.046007,0.070752,0
2026-10-05T03:52:30Z,Morpho,YZM / AUSD,Monad,AUSD,1053073,950324,102749,0.9024,0.045405,0.050436,0
2026-10-05T03:52:30Z,Morpho,stUSDS / USDS,Ethereum,USDS,1034125,818796,215329,0.7918,0.032137,0.04076,0
2026-10-05T03:52:30Z,Aave v3,Avalanche,Avalanche,GHO,1023305,936091,81619,0.9198,0.107669,0.132249,0
2026-10-05T03:52:30Z,Morpho,sUSDat / USDC,Ethereum,USDC,1018481,926824,91657,0.91,0.101954,0.112586,0
