date,protocol_id,protocol,sector,start_day,value_locked_start_usd,value_locked_end_usd,change_30d,price_effect,net_deposits_effect,residual
2026-10-02,okb,OKB,CEX,2026-08-31,29776150930,31943964293,0.0728,0.0649,0.0079,0.0
2026-10-02,lido,Lido,Liquid Staking,2026-09-02,23447092260,26683899458,0.138,0.1181,0.02,0.0
2026-10-02,aave,Aave,Lending,2026-09-02,17779563491,19146998715,0.0769,0.1017,-0.0248,0.0
2026-10-02,ssv-network,SSV Network,Staking Pool,2026-09-01,12505407446,14161872840,0.1325,0.0952,0.0373,0.0
2026-10-02,morpho-blue,Morpho Blue,Lending,2026-09-02,9494612387,11174333738,0.1769,0.073,0.1039,0.0
2026-10-02,binance-staked-eth,Binance staked ETH,Liquid Staking,2026-08-31,9034226047,10081459145,0.1159,0.1137,0.0022,0.0
2026-10-02,wbtc,WBTC,Liquidity bridges,2026-08-31,8894749176,9880133200,0.1108,0.0879,0.0229,0.0
2026-10-02,coinbase-bridge,Coinbase Bridge,Liquidity bridges,2026-08-31,7879320965,8363232448,0.0614,0.0883,-0.0269,0.0
2026-10-02,layerzero-v2,LayerZero V2,Liquidity bridges,2026-09-01,7152433089,7850624354,0.0976,0.0128,0.0848,0.0
2026-10-02,gatechain-token,Gate,CEX,2026-08-31,6682438824,7634523288,0.1425,0.139,0.0035,0.0
2026-10-02,hyperliquid-bridge,Hyperliquid Bridge,Liquidity bridges,2026-09-02,6543310620,7121906887,0.0884,0.0,0.0884,0.0
2026-10-02,eigencloud,EigenCloud,Restaking,2026-08-31,6422170159,7083148672,0.1029,0.1137,-0.0108,0.0
2026-10-02,sky-lending,Sky Lending,CDP,2026-09-01,5494631064,5701695562,0.0377,0.0274,0.0103,0.0
2026-10-02,binance-bitcoin,Binance Bitcoin,Liquidity bridges,2026-08-31,5316260583,5783311482,0.0879,0.0879,0.0,0.0
2026-10-02,mx-token,MX,CEX,2026-08-31,5233299798,5441208992,0.0397,0.0434,-0.0037,0.0
2026-10-02,sparklend,SparkLend,Lending,2026-08-31,4346759660,5676473912,0.3059,0.0968,0.2091,0.0
2026-10-02,ether.fi-stake,ether.fi Stake,Liquid Staking,2026-08-31,4280807646,5212723476,0.2177,0.1134,0.1043,0.0
2026-10-02,ethena-usde,Ethena USDe,Basis Trading,2026-09-02,4217394652,4902397894,0.1624,0.0,0.1624,0.0
2026-10-02,justlend-v1,JustLend V1,Lending,2026-08-31,3685855700,3888769191,0.0551,0.0527,0.0024,0.0
2026-10-02,usdt0,USDT0,Liquidity bridges,2026-09-04,3163413342,3345465259,0.0575,0.0,0.0575,0.0
2026-10-02,babylon-protocol,Babylon Protocol,Restaking,2026-09-02,3112423881,3432821195,0.1029,0.0952,0.0078,0.0
2026-10-02,steakhouse-financial,Steakhouse Financial,Risk Curators,2026-09-02,3012682168,2510184936,-0.1668,0.0015,-0.1683,0.0
2026-10-02,maple,Maple,Lending,2026-08-31,2984096467,2968118299,-0.0054,0.0,-0.0054,0.0
2026-10-02,base-bridge,Base Bridge,Canonical Bridge,2026-08-31,2736546918,3192794022,0.1667,0.1084,0.0583,0.0
2026-10-02,justcryptos,JustCryptos,Liquidity bridges,2026-08-31,2554851124,2809342821,0.0996,0.0,0.0996,0.0
2026-10-02,spark-liquidity-layer,Spark Liquidity Layer,Onchain Capital Allocator,2026-09-03,2267497838,2721850582,0.2004,0.0005,0.1999,0.0
2026-10-02,grove-finance,Grove Finance,Onchain Capital Allocator,2026-09-03,2232470994,1263881578,-0.4339,0.0015,-0.4354,0.0
2026-10-02,sentora-curator,Sentora Curator,Risk Curators,2026-08-31,2004389807,2474818371,0.2347,0.0209,0.2138,0.0
2026-10-02,pancakeswap-amm,PancakeSwap AMM,DEXs,2026-08-31,1860816851,1899864572,0.021,0.063,-0.042,0.0
2026-10-02,ccip,CCIP,Messaging bridges,2026-08-31,1751898819,1832710562,0.0461,0.0477,-0.0015,0.0
2026-10-02,veda,Veda,Onchain Capital Allocator,2026-09-02,1707153637,1925083067,0.1277,0.083,0.0446,0.0
2026-10-02,sanctum-validator-lsts,Sanctum Validator LSTs,Liquid Staking,2026-08-31,1559200133,1927233302,0.236,0.1576,0.0784,0.0
2026-10-02,gauntlet,Gauntlet,Risk Curators,2026-09-01,1492412545,1604110021,0.0748,0.0409,0.0339,0.0
2026-10-02,compound-v3,Compound V3,Lending,2026-08-31,1392037358,1516184366,0.0892,0.0947,-0.0055,0.0
2026-10-02,curve-dex,Curve DEX,DEXs,2026-09-02,1315470247,1302054184,-0.0102,0.0421,-0.0523,0.0
2026-10-02,rocket-pool,Rocket Pool,Liquid Staking,2026-08-31,1277952282,1409233145,0.1027,0.1136,-0.0108,0.0
2026-10-02,venus-core-pool,Venus Core Pool,Lending,2026-08-31,1243494636,1321604142,0.0628,0.1067,-0.0439,0.0
2026-10-02,kamino-lend,Kamino Lend,Lending,2026-08-31,1240898022,1370313312,0.1043,0.0885,0.0158,0.0
2026-10-02,usdd,USDD,CDP,2026-09-04,1227221315,1249717748,0.0183,0.0108,0.0076,0.0
2026-10-02,pendle-v2,Pendle V2,Yield,2026-09-02,1214346201,1257513519,0.0355,0.0234,0.0121,0.0
2026-10-02,spark-savings,Spark Savings,Yield,2026-09-02,1209266674,1327653802,0.0979,0.0092,0.0887,0.0
2026-10-02,falcon-finance,Falcon USD,Basis Trading,2026-09-02,1175266504,1310981707,0.1155,0.0,0.1155,0.0
2026-10-02,concrete,Concrete,Onchain Capital Allocator,2026-08-31,1153765423,1267275453,0.0984,0.0834,0.015,0.0
2026-10-02,kinetiq-khype,Kinetiq kHYPE,Liquid Staking,2026-09-02,1141424909,1037467146,-0.0911,0.0611,-0.1522,0.0
2026-10-02,kelp,Kelp,Liquid Restaking,2026-08-31,1077978291,1130443456,0.0487,0.1232,-0.0745,0.0
2026-10-02,jupiter-lend,Jupiter Lend,Lending,2026-08-31,1075539531,1250589551,0.1628,0.1156,0.0471,0.0
2026-10-02,binance-staked-sol,Binance Staked SOL,Liquid Staking,2026-08-31,1053568645,1217131471,0.1552,0.1617,-0.0064,0.0
2026-10-02,jito-liquid-staking,Jito Liquid Staking,Liquid Staking,2026-08-31,1028765997,1236938382,0.2024,0.1615,0.0409,0.0
2026-10-02,swissborg,SwissBorg,CEX,2026-08-31,1000200939,1109519175,0.1093,0.1022,0.007,0.0
2026-10-02,uniswap-v2,Uniswap V2,DEXs,2026-09-02,983601696,1049090504,0.0666,0.0034,0.0631,0.0
2026-10-02,stakewise-v3,StakeWise V3,Liquid Staking,2026-08-31,895053848,1018178084,0.1376,0.1137,0.0238,0.0
2026-10-02,anemoy-capital,Anemoy Capital,RWA tokenized treasuries,2026-09-02,845721755,333271248,-0.6059,0.0,-0.6059,0.0
2026-10-02,lista-lending,Lista Lending,Lending,2026-08-31,827030146,1024425595,0.2387,0.1036,0.1351,0.0
2026-10-02,liquid-collective,Liquid Collective,Liquid Staking,2026-08-31,776874545,740800195,-0.0464,0.1145,-0.161,0.0
2026-10-02,jupiter-perpetual-exchange,Jupiter Perpetual Exchange,Derivatives,2026-08-31,758218628,810732487,0.0693,0.1112,-0.0419,0.0
2026-10-02,fluid-lending,Fluid Lending,Lending,2026-09-03,743603319,715888039,-0.0373,0.0586,-0.0958,0.0
2026-10-02,tornado-cash,Tornado Cash,Privacy,2026-08-31,727277132,772660650,0.0624,0.1125,-0.0501,0.0
2026-10-02,unit,Unit,Liquidity bridges,2026-09-02,718833091,1032691688,0.4366,0.1221,0.3145,0.0
2026-10-02,lombard-lbtc,Lombard LBTC,Restaked BTC,2026-09-03,687299294,684920037,-0.0035,0.0896,-0.0931,0.0
2026-10-02,function-fbtc,Function FBTC,Liquidity bridges,2026-08-31,665852507,704074062,0.0574,0.0905,-0.0331,0.0
2026-10-02,lista-liquid-staking,Lista Liquid Staking,Liquid Staking,2026-09-01,645304167,890486854,0.3799,0.1123,0.2677,0.0
2026-10-02,invesco-ustb,Invesco USTB,RWA tokenized treasuries,2026-09-01,642901543,561923650,-0.126,0.0032,-0.1292,0.0
2026-10-02,kraken-bitcoin,Kraken Bitcoin,Liquidity bridges,2026-09-02,617102416,803078962,0.3014,0.0958,0.2056,0.0
2026-10-02,obol,Obol,Staking Pool,2026-08-31,611363236,889145640,0.4544,0.1182,0.3362,0.0
2026-10-02,lighter-bridge,Lighter Bridge,Liquidity bridges,2026-09-03,593234921,663619972,0.1186,0.0034,0.1152,0.0
2026-10-02,meth-protocol,mETH Protocol,Liquid Staking,2026-08-31,572740804,637235844,0.1126,0.1145,-0.0019,0.0
2026-10-02,convex-finance,Convex Finance,Yield,2026-09-03,568364171,619033783,0.0891,0.0712,0.0179,0.0
2026-10-02,hyperlend-pooled,HyperLend Pooled,Lending,2026-09-02,548386180,402971677,-0.2652,0.0642,-0.3294,0.0
2026-10-02,robinhood-chain-bridge,Robinhood Chain Bridge,Canonical Bridge,2026-09-02,536075386,805145409,0.5019,0.1179,0.384,0.0
2026-10-02,jupiter-staked-sol,Jupiter Staked SOL,Liquid Staking,2026-08-31,525966881,610958636,0.1616,0.1645,-0.0029,0.0
2026-10-02,aster-bridge,Aster Bridge,Liquidity bridges,2026-09-02,522374332,527829417,0.0104,0.0183,-0.0079,0.0
2026-10-02,solvbtc,SolvBTC,Liquidity bridges,2026-08-31,505140554,541951014,0.0729,0.0879,-0.015,0.0
2026-10-02,ethena-usdtb,Ethena USDtb,RWA tokenized treasuries,2026-09-03,482817516,492500445,0.0201,0.0,0.0201,0.0
2026-10-02,lorenzo-enzobtc,Lorenzo enzoBTC,Liquidity bridges,2026-08-31,469586438,510786821,0.0877,0.0877,0.0,0.0
2026-10-02,coinbase-wrapped-staked-eth,Coinbase Wrapped Staked ETH,Liquid Staking,2026-08-31,464093576,516967955,0.1139,0.1139,0.0,0.0
2026-10-02,k3-capital,K3 Capital,Risk Curators,2026-09-04,437257113,498242928,0.1395,0.0309,0.1086,0.0
2026-10-02,symbiotic,Symbiotic,Collateral Markets,2026-09-03,433319316,480957755,0.1099,0.1194,-0.0094,0.0
2026-10-02,marinade-native,Marinade Native,Staking Pool,2026-09-04,417730358,440353383,0.0542,0.138,-0.0838,0.0
2026-10-02,backpack,Backpack,CEX,2026-09-01,416619292,628543913,0.5087,0.5109,-0.0022,0.0
2026-10-02,merlins-seal,Merlins Seal,Liquidity bridges,2026-08-31,415998302,453285704,0.0896,0.0907,-0.001,0.0
2026-10-02,ether.fi-liquid,ether.fi Liquid,Onchain Capital Allocator,2026-08-31,414520301,440958764,0.0638,0.104,-0.0403,0.0
2026-10-02,upshift,Upshift,Onchain Capital Allocator,2026-09-03,388549211,424496683,0.0925,0.0341,0.0584,0.0
2026-10-02,euler-v2,Euler V2,Lending,2026-09-02,369877620,349236290,-0.0558,0.0379,-0.0937,0.0
2026-10-02,aave-v4,Aave V4,Lending,2026-09-02,357699423,659533133,0.8438,0.0852,0.7586,0.0
2026-10-02,tbtc,tBTC,Decentralized BTC,2026-08-31,345954151,365248549,0.0558,0.0879,-0.0321,0.0
2026-10-02,bedrock-unibtc,Bedrock uniBTC,Anchor BTC,2026-08-31,345799139,379314721,0.0969,0.1022,-0.0053,0.0
2026-10-02,polymarket-international,Polymarket International,Prediction Market,2026-09-04,345432021,330711059,-0.0426,0.0,-0.0426,0.0
2026-10-02,world-chain,World Chain,Canonical Bridge,2026-09-02,344459494,458664679,0.3315,0.3621,-0.0306,0.0
2026-10-02,pumpswap,PumpSwap,DEXs,2026-08-31,340915721,394634034,0.1576,-0.1837,0.3413,0.0
2026-10-02,cap,cap,Lending,2026-09-03,334178129,276712538,-0.172,0.0971,-0.269,0.0
2026-10-02,re,Re,RWA private credit,2026-09-02,330311059,394273441,0.1936,0.0019,0.1918,0.0
2026-10-02,nexo,NEXO,CEX,2026-09-01,324836803,323842235,-0.0031,0.0067,-0.0098,0.0
2026-10-02,dolomite,Dolomite,Lending,2026-09-04,321593041,362665594,0.1277,0.0113,0.1164,0.0
2026-10-02,defi-saver-asset-management,Defi Saver Asset Management,CDP Manager,2026-09-03,319251470,366957391,0.1494,0.128,0.0215,0.0
2026-10-02,fluid-dex,Fluid DEX,DEXs,2026-08-31,306985874,331570373,0.0801,0.0401,0.04,0.0
2026-10-02,lightning-network,Lightning Network,Payments,2026-08-31,295862193,314923160,0.0644,0.086,-0.0215,0.0
2026-10-02,onre,OnRe,RWA private credit,2026-09-02,288013271,291243247,0.0112,0.0,0.0112,0.0
2026-10-02,drift-staked-sol,Drift Staked SOL,Liquid Staking,2026-08-31,287374261,335041022,0.1659,0.1612,0.0047,0.0
2026-10-02,cian-yield-layer,CIAN Yield Layer,Yield Aggregator,2026-08-31,275092404,315048269,0.1452,0.0627,0.0825,0.0
2026-10-02,xdai-stake-bridge,xDAI Stake Bridge,Canonical Bridge,2026-09-02,270765358,283199531,0.0459,0.0812,-0.0353,0.0
2026-10-02,gtbtc,GTBTC,Restaked BTC,2026-08-31,269858274,293617765,0.088,0.0879,0.0002,0.0
2026-10-02,lista-cdp,Lista CDP,CDP,2026-08-31,261879457,87634531,-0.6654,0.1206,-0.7859,0.0
2026-10-02,opentrade,OpenTrade,RWA other,2026-09-01,258571485,254347697,-0.0163,-0.0009,-0.0154,0.0
2026-10-02,etherfi-borrowing-market,EtherFi Borrowing Market,Lending,2026-09-02,255865904,304188424,0.1889,0.0676,0.1212,0.0
2026-10-02,aave-horizon-rwa,Aave Horizon RWA,Lending,2026-09-04,255497029,262936687,0.0291,0.0023,0.0269,0.0
2026-10-02,sunswap-v2,SUNSwap V2,DEXs,2026-09-04,252842813,264355409,0.0455,0.0,0.0455,0.0
2026-10-02,b14g,b14g,Restaking,2026-08-31,252375545,272672812,0.0804,0.087,-0.0066,0.0
2026-10-02,buzz-farming,Buzz Farming,Farm,2026-08-31,250970152,272517446,0.0859,0.0859,-0.0,0.0
2026-10-02,nexus-btc,Nexus BTC,Liquidity bridges,2026-09-02,250106443,263763070,0.0546,0.0991,-0.0445,0.0
2026-10-02,solstice,Solstice,Basis Trading,2026-09-02,249862140,214388146,-0.142,-0.0001,-0.1419,0.0
2026-10-02,stader,Stader,Liquid Staking,2026-08-31,247106568,273752170,0.1078,0.1462,-0.0383,0.0
2026-10-02,huma,Huma,RWA other,2026-09-02,245540331,381644716,0.5543,0.0,0.5543,0.0
2026-10-02,huma-finance-v2,Huma Finance V2,cerchio 2,2026-09-02,245540331,381644716,0.5543,0.0,0.5543,0.0
2026-10-02,linea-bridge,Linea Bridge,Canonical Bridge,2026-09-04,244327431,262213872,0.0732,0.1046,-0.0314,0.0
2026-10-02,mellow-core,Mellow Core,Onchain Capital Allocator,2026-08-31,244272566,277322467,0.1353,0.0972,0.0381,0.0
2026-10-02,marinade-liquid-staking,Marinade Liquid Staking,Liquid Staking,2026-08-31,241301018,271910665,0.1269,0.1612,-0.0343,0.0
2026-10-02,figure-markets-democratized-prime,Figure Markets Democratized Prime,Lending,2026-09-02,237734410,219635498,-0.0761,-0.0001,-0.076,0.0
2026-10-02,cooler-loans,Cooler Loans,Lending,2026-09-03,234522137,238168993,0.0156,0.014,0.0016,0.0
2026-10-02,bitfi-basis,BitFi Basis,Basis Trading,2026-08-31,232684494,238608667,0.0255,0.0866,-0.0611,0.0
2026-10-02,usd-ai,USD AI,RWA private credit,2026-09-02,229063840,344162043,0.5025,0.0,0.5025,0.0
2026-10-02,hyperithm,Hyperithm,Risk Curators,2026-09-03,227363170,281111754,0.2364,0.0227,0.2137,0.0
2026-10-02,b2-buzz,B2 Buzz,Canonical Bridge,2026-08-31,223828560,231535008,0.0344,0.0879,-0.0534,0.0
2026-10-02,sthype,stHYPE,Liquid Staking,2026-09-02,218695978,202422176,-0.0744,0.0677,-0.1422,0.0
2026-10-02,sunswap-v3,SUNSwap V3,DEXs,2026-09-01,214564278,217955642,0.0158,0.005,0.0108,0.0
2026-10-02,fassets,FAssets,Liquidity bridges,2026-08-31,210784878,226300971,0.0736,0.0972,-0.0236,0.0
2026-10-02,rockawayx,RockawayX,Risk Curators,2026-09-02,204913096,306859167,0.4975,0.0053,0.4922,0.0
2026-10-02,gmx-v2-perps,GMX V2 Perps,Derivatives,2026-08-31,204647984,210517792,0.0287,0.0685,-0.0398,0.0
2026-10-02,clearstar,Clearstar,Risk Curators,2026-09-02,204645740,238282232,0.1644,0.0556,0.1087,0.0
2026-10-02,etherfi-cash-liquid,EtherFi Cash Liquid,Crypto Card Issuer,2026-09-02,204203915,245674101,0.2031,0.0534,0.1497,0.0
2026-10-02,kpk,KPK,Risk Curators,2026-08-31,198147706,233756863,0.1797,0.0765,0.1033,0.0
2026-10-02,sanctum-infinity,Sanctum Infinity,DEXs,2026-08-31,197012598,230478678,0.1699,0.1576,0.0122,0.0
2026-10-02,solv-basis-trading,Solv Basis Trading,Basis Trading,2026-08-31,192301874,209192122,0.0878,0.0878,-0.0,0.0
2026-10-02,stacks-sbtc,Stacks sBTC,Liquidity bridges,2026-08-31,190263323,210610637,0.1069,0.0879,0.0191,0.0
2026-10-02,marinade-select,Marinade Select,Staking Pool,2026-08-31,190125782,199020755,0.0468,0.1578,-0.111,0.0
2026-10-02,exsat-staking-btc,exSat Staking BTC,Liquidity bridges,2026-08-31,190006365,191790622,0.0094,0.0888,-0.0794,0.0
2026-10-02,hyperliquid-hlp,Hyperliquid HLP,Vault,2026-09-02,188967957,183046790,-0.0313,0.0,-0.0313,0.0
2026-10-02,m0,M0,Stablecoin Issuer,2026-08-31,185663257,203706365,0.0972,0.0,0.0972,0.0
2026-10-02,aerodrome-slipstream,Aerodrome Slipstream,DEXs,2026-09-02,183428297,230300708,0.2555,0.1537,0.1018,0.0
2026-10-02,yearn-finance,Yearn Finance,Yield Aggregator,2026-09-03,183410223,204846527,0.1169,0.0518,0.0651,0.0
2026-10-02,rocketswap-anubis,RocketSwap Anubis,DEXs,2026-09-02,182941389,423491897,1.3149,0.0,1.3149,0.0
2026-10-02,fluid-lite,Fluid Lite,Yield Aggregator,2026-09-01,180074911,252435242,0.4018,0.0927,0.3091,0.0
2026-10-02,liquity-v1,Liquity V1,CDP,2026-08-31,178351269,195871239,0.0982,0.1145,-0.0163,0.0
2026-10-02,hyperliquid-spot-orderbook,Hyperliquid Spot Orderbook,DEXs,2026-09-01,173289739,175220898,0.0111,0.0,0.0111,0.0
2026-10-02,tonstakers-lsd,Tonstakers LSD,Liquid Staking,2026-08-31,171059000,208820468,0.2208,0.174,0.0467,0.0
2026-10-02,phantom-sol,Phantom SOL,Liquid Staking,2026-08-31,169546363,189739532,0.1191,0.1578,-0.0387,0.0
2026-10-02,figure-markets-exchange,Figure Markets Exchange,OTC Marketplace,2026-08-31,167375210,194740203,0.1635,-0.0932,0.2567,0.0
2026-10-02,lombard-btc.b,Lombard BTC.b,Liquidity bridges,2026-09-03,165898001,181505232,0.0941,0.0985,-0.0045,0.0
2026-10-02,benqi-staked-avax,Benqi Staked Avax,Liquid Staking,2026-09-02,164321227,256168214,0.5589,0.523,0.0359,0.0
2026-10-02,derive-v2,Derive V2,Derivatives,2026-08-31,159390150,186363297,0.1692,0.0787,0.0905,0.0
2026-10-02,quickswap-dex,Quickswap Dex,DEXs,2026-09-02,158048083,121095348,-0.2338,0.0071,-0.2409,0.0
2026-10-02,pinksale,PinkSale,Launchpad,2026-09-03,157824885,160901449,0.0195,0.071,-0.0515,0.0
2026-10-02,realt-tokens,RealT Tokens,RWA other,2026-09-01,155096349,155099887,0.0,0.0,0.0,0.0
2026-10-02,yield-basis,Yield Basis,Leveraged Farming,2026-08-31,154528164,137668580,-0.1091,0.0732,-0.1823,0.0
2026-10-02,aera-v3,Aera V3,Onchain Capital Allocator,2026-09-03,147165742,170528146,0.1587,0.0404,0.1184,0.0
2026-10-02,blend-pools-v2,Blend Pools V2,Lending,2026-08-31,144859425,165456067,0.1422,0.2277,-0.0855,0.0
2026-10-02,saturn,Saturn,Stablecoin Wrapper,2026-09-02,144322523,151062150,0.0467,0.0003,0.0464,0.0
2026-10-02,stake-dao-yield,Stake DAO Yield,Yield,2026-09-03,144109558,154576027,0.0726,0.0949,-0.0223,0.0
2026-10-02,crvusd,crvUSD,CDP,2026-09-02,143612423,158593361,0.1043,0.1116,-0.0073,0.0
2026-10-02,lagoon,Lagoon,Onchain Capital Allocator,2026-09-02,141724869,158450641,0.118,0.0459,0.0721,0.0
2026-10-02,axelar,Axelar,Messaging bridges,2026-09-01,141645347,153442603,0.0833,0.0658,0.0175,0.0
2026-10-02,uncx-network-v2,UNCX Network V2,Token Locker,2026-08-31,139798691,152380566,0.09,0.1102,-0.0202,0.0
2026-10-02,navi-lending,NAVI Lending,Lending,2026-09-03,138784407,186259981,0.3421,0.1806,0.1615,0.0
2026-10-02,telos-consilium,Telos Consilium,Risk Curators,2026-09-02,137125646,132906382,-0.0308,0.0117,-0.0425,0.0
2026-10-02,the-vault-liquid-staking,The Vault Liquid Staking,Liquid Staking,2026-08-31,136410913,158264922,0.1602,0.1617,-0.0015,0.0
2026-10-02,dfdv-staked-sol,DFDV Staked SOL,Liquid Staking,2026-08-31,134804152,216724273,0.6077,0.1578,0.4499,0.0
2026-10-02,curvance,Curvance,Lending,2026-08-31,134075224,129037390,-0.0376,0.0086,-0.0462,0.0
2026-10-02,avant-avusd,Avant avUSD,Onchain Capital Allocator,2026-09-02,133194398,124754449,-0.0634,-0.0011,-0.0623,0.0
2026-10-02,r25,R25,RWA other,2026-09-02,132189094,134023387,0.0139,0.0,0.0139,0.0
2026-10-02,jpool,JPool,Liquid Staking,2026-08-31,131136642,147430285,0.1242,0.1612,-0.0369,0.0
2026-10-02,avalanche-core-bridge,Avalanche Core Bridge,Canonical Bridge,2026-09-02,127340597,143775148,0.1291,0.0588,0.0702,0.0
2026-10-02,bybit-staked-sol,Bybit Staked SOL,Liquid Staking,2026-08-31,124566391,151503554,0.2162,0.1679,0.0483,0.0
2026-10-02,frax-ether,Frax Ether,Liquid Staking,2026-08-31,122327994,137014850,0.1201,0.1185,0.0016,0.0
2026-10-02,doppler-finance,Doppler Finance,CeDeFi,2026-08-31,122071961,134062843,0.0982,0.0912,0.0071,0.0
2026-10-02,zksync-era-txbridge,zkSync Era txBridge,Canonical Bridge,2026-08-31,119673296,127573766,0.066,0.0874,-0.0214,0.0
2026-10-02,armitage-by-wintermute,Armitage by Wintermute,Risk Curators,2026-09-04,119655318,133828634,0.1185,0.0,0.1185,0.0
2026-10-02,extended-perps,Extended Perps,Derivatives,2026-08-31,119221204,118778515,-0.0037,0.0031,-0.0068,0.0
2026-10-02,suilend,Suilend,Lending,2026-09-02,118424274,178553432,0.5077,0.3924,0.1154,0.0
2026-10-02,sky-money,Sky Money,Risk Curators,2026-09-01,117568346,109275534,-0.0705,0.0,-0.0705,0.0
2026-10-02,fx-protocol,fx Protocol,Dual-Token Stablecoin,2026-09-03,117562171,133674222,0.1371,0.1036,0.0334,0.0
2026-10-02,near-intents,NEAR Intents,Liquidity bridges,2026-09-03,117267677,222260045,0.8953,0.4371,0.4582,0.0
2026-10-02,exponent-yield-exchange,Exponent Yield Exchange,Yield,2026-09-03,115978664,67700018,-0.4163,0.0309,-0.4472,0.0
2026-10-02,aerodrome-v1,Aerodrome V1,DEXs,2026-08-31,115861843,144990006,0.2514,0.0831,0.1683,0.0
2026-10-02,renzo,Renzo,Liquid Restaking,2026-09-02,114182171,126290478,0.106,0.128,-0.0219,0.0
2026-10-02,aster-usdf,Aster USDF,Basis Trading,2026-09-04,113809692,111205699,-0.0229,0.0,-0.0229,0.0
2026-10-02,plume-vaults,Plume Vaults,RWA other,2026-09-02,113599183,232893664,1.0501,0.0057,1.0445,0.0
2026-10-02,phase-delegation,Phase Delegation,Liquid Staking,2026-08-31,111903568,130473367,0.1659,0.1612,0.0048,0.0
2026-10-02,ember-protocol,Ember Protocol,Onchain Capital Allocator,2026-09-01,111702507,120162963,0.0757,0.0369,0.0389,0.0
2026-10-02,beefy,Beefy,Yield Aggregator,2026-08-31,110811183,121356997,0.0952,0.0908,0.0043,0.0
2026-10-02,bitget-bgbtc,Bitget bgBTC,Liquidity bridges,2026-09-02,109550021,120402017,0.0991,0.0991,0.0,0.0
2026-10-02,aave-v2,Aave V2,Lending,2026-08-31,109535304,113620030,0.0373,0.0746,-0.0373,0.0
2026-10-02,frax-usd,Frax USD,RWA tokenized treasuries,2026-09-01,108967477,105665648,-0.0303,0.0008,-0.0311,0.0
2026-10-02,valos,Valos,RWA other,2026-09-02,107057456,105604380,-0.0136,0.0,-0.0136,0.0
2026-10-02,nexus-mutual,Nexus Mutual,Insurance,2026-08-31,106671696,114888629,0.077,0.1139,-0.0369,0.0
2026-10-02,compound-v2,Compound V2,Lending,2026-08-31,103936108,111810379,0.0758,0.0942,-0.0184,0.0
2026-10-02,lofty,Lofty,RWA other,2026-09-01,100526674,101206585,0.0068,0.0,0.0068,0.0
2026-10-02,sosovalue-indexes,SoSoValue Indexes,Indexes,2026-08-31,99794587,110669158,0.109,0.1144,-0.0055,0.0
2026-10-02,helius-staked-sol,Helius Staked SOL,Liquid Staking,2026-08-31,94496649,112392335,0.1894,0.1578,0.0316,0.0
2026-10-02,railgun,Railgun,Privacy,2026-09-02,93543472,116929754,0.25,0.0978,0.1522,0.0
2026-10-02,bitwise-uscc,Bitwise USCC,Basis Trading,2026-09-01,91304214,131394025,0.4391,0.005,0.434,0.0
2026-10-02,benqi-lending,Benqi Lending,Lending,2026-09-02,91238325,128142522,0.4045,0.4541,-0.0496,0.0
2026-10-02,usual-usd0,Usual USD0,RWA tokenized treasuries,2026-09-03,90385904,87790057,-0.0287,0.001,-0.0298,0.0
2026-10-02,stargate-v2,Stargate V2,Cross Chain Bridge,2026-09-02,88676234,153534102,0.7314,0.0303,0.7011,0.0
2026-10-02,tydro,Tydro,Lending,2026-09-01,84855293,134696919,0.5874,0.0693,0.518,0.0
2026-10-02,bitway,Bitway,Basis Trading,2026-09-02,83568818,64234957,-0.2314,0.0001,-0.2314,0.0
2026-10-02,rhea-lend,Rhea Lend,Lending,2026-09-03,79856319,193052621,1.4175,1.4443,-0.0268,0.0
2026-10-02,sky-rwa,Sky RWA,RWA private credit,2026-08-31,73755453,76047091,0.0311,0.0,0.0311,0.0
2026-10-02,dydx-v4,dYdX V4,Derivatives,2026-09-02,71541341,69654541,-0.0264,0.0,-0.0264,0.0
2026-10-02,avalon-superearn,Avalon Superearn,Yield,2026-08-31,65849227,142286557,1.1608,0.0,1.1608,0.0
2026-10-02,stusdt,stUSDT,RWA tokenized treasuries,2026-09-01,62846829,57085287,-0.0917,0.0,-0.0917,0.0
2026-10-02,zama,Zama,Privacy,2026-09-01,59894934,92938403,0.5517,0.0706,0.4811,0.0
2026-10-02,near-bridge,NEAR Bridge,Canonical Bridge,2026-09-01,55111678,132780361,1.4093,0.9298,0.4795,0.0
2026-10-02,lighter-robinhood-perps,Lighter Robinhood Perps,Derivatives,2026-09-02,53535780,107976483,1.0169,0.0085,1.0084,0.0
2026-10-02,azverse-perps,AZverse Perps,Derivatives,2026-09-01,51726845,52024287,0.0058,0.0004,0.0053,0.0
2026-10-02,linear-protocol,LiNEAR Protocol,Liquid Staking,2026-09-02,49889181,116437266,1.3339,1.5459,-0.212,0.0
2026-10-02,meta-pool-near,Meta Pool Near,Liquid Staking,2026-09-02,48238360,117882433,1.4437,1.5301,-0.0864,0.0
2026-10-02,chutes,Chutes,Decentralized AI,2026-09-04,46577414,61130257,0.3124,0.3336,-0.0211,0.0
2026-10-02,brickken,Brickken,RWA other,2026-08-31,42386519,42376044,-0.0002,-0.0007,0.0005,0.0
2026-10-02,tangible-rwa,Tangible RWA,RWA other,2026-09-04,42370688,41392744,-0.0231,0.0,-0.0231,0.0
2026-10-02,frax,Legacy Frax Dollar,Algo-Stables,2026-09-01,42260850,38232095,-0.0953,0.006,-0.1014,0.0
2026-10-02,dydx-v3,dYdX V3,Derivatives,2026-08-31,38701183,38435595,-0.0069,0.0121,-0.0189,0.0
2026-10-02,reserve-rights-token,,Indexes,2026-09-03,36797587,39492367,0.0732,0.0449,0.0283,0.0
2026-10-02,apex-omni,Apex Omni,Derivatives,2026-08-31,30807839,31340482,0.0173,0.0219,-0.0046,0.0
2026-10-02,decibel,Decibel,Derivatives,2026-08-31,29732125,29464627,-0.009,0.0,-0.009,0.0
2026-10-02,rain,Rain,Prediction Market,2026-09-03,29661813,21441742,-0.2771,-0.2787,0.0015,0.0
2026-10-02,gmtrade,,cerchio 2,2026-09-02,29431090,28376266,-0.0358,0.0148,-0.0507,0.0
2026-10-02,gmx-solana,GMX Solana,Derivatives,2026-09-02,29431090,28376266,-0.0358,0.0148,-0.0507,0.0
2026-10-02,pacifica-perps,Pacifica Perps,Derivatives,2026-09-02,26282884,26534815,0.0096,0.0032,0.0064,0.0
2026-10-02,arcus-perps,Arcus Perps,Derivatives,2026-09-02,20529481,33887163,0.6507,0.0003,0.6503,0.0
2026-10-02,api3,Api3,Risk Curators,2026-09-01,19277902,19475872,0.0103,0.0063,0.004,0.0
2026-10-02,moonlander,Moonlander,Derivatives,2026-09-02,19002495,15924402,-0.162,0.0,-0.162,0.0
2026-10-02,risex,RISEx,Derivatives,2026-09-01,17350922,19958215,0.1503,0.0,0.1503,0.0
2026-10-02,astar,,Chains,2026-09-01,16654537,22115374,0.3279,0.3408,-0.0129,0.0
2026-10-02,veranta,Veranta,Derivatives,2026-09-01,16384890,11086198,-0.3234,0.0,-0.3234,0.0
2026-10-02,ostium,Ostium,Derivatives,2026-09-03,15410470,8631169,-0.4399,0.0,-0.4399,0.0
2026-10-02,aevo-perps,Aevo Perps,Derivatives,2026-09-02,15299982,15396516,0.0063,0.0164,-0.0101,0.0
2026-10-02,fulcrom-perps,Fulcrom Perps,Derivatives,2026-08-31,12302434,13683460,0.1123,0.1029,0.0093,0.0
2026-10-02,mento-v2,Mento V2,Algo-Stables,2026-09-01,11976816,13195762,0.1018,0.1175,-0.0157,0.0
2026-10-02,floki,FLOKI,Token Locker,2026-09-03,11507056,13537379,0.1764,0.125,0.0514,0.0
2026-10-02,predict-fun,Predict Fun,Prediction Market,2026-09-04,10727381,9551147,-0.1096,0.0016,-0.1113,0.0
2026-10-02,gains-network,Gains Network,Derivatives,2026-09-01,9816907,9361792,-0.0464,0.0137,-0.0601,0.0
2026-10-02,ronin,,Canonical Bridge,2026-08-31,5171237,5649063,0.0924,0.103,-0.0106,0.0
2026-10-02,predictstreet,PredictStreet,Prediction Market,2026-09-03,4039486,1578326,-0.6093,0.0,-0.6093,0.0
2026-10-02,opinion,OPINION,Prediction Market,2026-09-03,3574394,3372754,-0.0564,0.0,-0.0564,0.0
2026-10-02,sport.fun,Sport.fun,Prediction Market,2026-09-02,2743760,2436040,-0.1122,0.0,-0.1122,0.0
2026-10-02,gnosis-protocol-v1,Gnosis Protocol v1,Prediction Market,2026-08-31,2430026,1125679,-0.5368,0.0875,-0.6243,0.0
2026-10-02,augur,Augur,Prediction Market,2026-08-31,1907221,2105600,0.104,0.1108,-0.0068,0.0
2026-10-02,debridge,deBridge,Liquidity bridges,2026-08-31,1854422,2560685,0.3809,0.3974,-0.0166,0.0
2026-10-02,azuro,Azuro,Prediction Market,2026-08-31,1402622,505656,-0.6395,0.0143,-0.6538,0.0
2026-10-02,liquidity-house,Liquidity House,Prediction Market,2026-09-04,1170106,1315132,0.1239,0.0,0.1239,0.0
2026-10-02,overtime,Overtime,Prediction Market,2026-09-04,1068807,1196960,0.1199,0.0215,0.0984,0.0
2026-10-02,crypto-com-chain,Cronos,DEXs,2026-08-31,1036557,1135789,0.0957,0.0742,0.0215,0.0
2026-10-02,pascal,Pascal,Prediction Market,2026-09-02,1016481,1828571,0.7989,0.0,0.7989,0.0
2026-10-02,trueo,Trueo,Prediction Market,2026-09-02,866522,846882,-0.0227,0.0006,-0.0232,0.0
2026-10-02,zethr,Zethr,Prediction Market,2026-08-31,676577,749258,0.1074,0.1145,-0.0071,0.0
2026-10-02,seer,Seer,Prediction Market,2026-09-01,672645,452520,-0.3273,0.0019,-0.3291,0.0
2026-10-02,immutable-x,Immutable,NFT Marketplace,2026-08-31,592392,658051,0.1108,0.1129,-0.0021,0.0
2026-10-02,prdt,PRDT,Prediction Market,2026-08-31,504769,537351,0.0645,0.1002,-0.0357,0.0
2026-10-02,soon-2,,Chains,2026-08-31,479335,493828,0.0302,0.1054,-0.0752,0.0
2026-10-02,sigmausd,Sigmausd,Algo-Stables,2026-09-01,435163,557706,0.2816,0.3274,-0.0458,0.0
2026-10-02,limitless-exchange,Limitless Exchange,Prediction Market,2026-08-31,385177,361624,-0.0611,0.0027,-0.0638,0.0
2026-10-02,ostable,Ostable,Algo-Stables,2026-09-01,334683,323067,-0.0347,0.0,-0.0347,0.0
2026-10-02,myriad-markets,Myriad Markets,Prediction Market,2026-09-01,276583,268064,-0.0308,0.0,-0.0308,0.0
2026-10-02,meridian-predict,Meridian Predict,Prediction Market,2026-09-03,265553,370193,0.394,0.0,0.394,0.0
2026-10-02,basis-cash,Basis Cash,Algo-Stables,2026-09-01,205715,205694,-0.0001,0.0,-0.0001,0.0
2026-10-02,spot-cash,SPOT Cash,Algo-Stables,2026-09-03,188517,218423,0.1586,0.2145,-0.0558,0.0
2026-10-02,dopple-finance,Dopple Finance,Algo-Stables,2026-09-03,163034,163620,0.0036,0.0028,0.0008,0.0
2026-10-02,pareto-credit,Pareto Credit,Uncollateralized Lending,2026-09-03,153364,248249,0.6187,0.0001,0.6186,0.0
2026-10-02,use,USE,Algo-Stables,2026-09-03,150420,94226,-0.3736,0.235,-0.6086,0.0
2026-10-02,world,world,Prediction Market,2026-09-02,119110,152303,0.2787,0.0001,0.2786,0.0
2026-10-02,frax-fpi,Frax FPI,Algo-Stables,2026-08-31,94273,94532,0.0027,0.0,0.0027,0.0
2026-10-02,turbo,Turbo,DEXs,2026-09-04,77548,70703,-0.0883,0.0004,-0.0887,0.0
2026-10-02,finext-finance,Finext Finance,Algo-Stables,2026-08-31,61132,61380,0.0041,0.004,0.0001,0.0
2026-10-02,ordernchaos,OrderNChaos,Algo-Stables,2026-08-31,60546,60478,-0.0011,0.0,-0.0011,0.0
2026-10-02,pulse-rate,Pulse Rate,Algo-Stables,2026-09-04,40920,37894,-0.0739,-0.1091,0.0351,0.0
2026-10-02,nome-protocol,NOME Protocol,Algo-Stables,2026-09-01,39271,39158,-0.0029,-0.0029,0.0,0.0
2026-10-02,xusd-money,XUSD Money,Algo-Stables,2026-08-31,28829,30333,0.0522,0.0611,-0.0089,0.0
2026-10-02,superfarm,SuperVerse,Services,2026-09-01,23760,35850,0.5088,0.5088,0.0,0.0
2026-10-02,generic.money,Generic.Money,Algo-Stables,2026-09-01,18630,14463,-0.2237,0.0,-0.2237,0.0
2026-10-02,b2b,B2B,Algo-Stables,2026-08-31,15544,16961,0.0912,0.0912,0.0,0.0
2026-10-02,pegasusdollar,Pegasusdollar,Algo-Stables,2026-09-01,13960,14085,0.009,0.0089,0.0,0.0
2026-10-02,darkcrypto,DarkCrypto,Algo-Stables,2026-09-04,11961,24098,1.0147,0.1645,0.8502,0.0
2026-10-02,blindex,Blindex,Algo-Stables,2026-08-31,11380,12510,0.0993,0.0993,0.0,0.0
2026-10-02,circle-bitcoin,Circle Bitcoin,Liquidity bridges,2026-08-31,739,237539099,321432.1516,0.0879,321432.0629,0.0007
2026-10-02,lumi-finance,Lumi Finance,Algo-Stables,2026-08-31,99,108,0.0909,0.0893,0.0,0.0016
